2024-12-13 15:22:04,309 - INFO - {
    "timestamp": "2024-12-13 15:22:04",
    "method": "POST",
    "url": "http://127.0.0.1:5000/user/login",
    "remote_addr": "127.0.0.1",
    "headers": {
        "Content-Type": "application/json",
        "User-Agent": "PostmanRuntime/7.43.0",
        "Accept": "*/*",
        "Postman-Token": "7e5d4961-41ca-47c9-86c5-6d8d022d7a4d",
        "Host": "127.0.0.1:5000",
        "Accept-Encoding": "gzip, deflate, br",
        "Connection": "keep-alive",
        "Content-Length": "71"
    },
    "query_params": {},
    "body": {
        "email": "riyagoyal938@gmail.com",
        "password": "****"
    },
    "user_agent": "PostmanRuntime/7.43.0",
    "user_id": null,
    "user_role": null
} 
2024-12-13 15:22:04,549 - INFO - {
    "timestamp": "2024-12-13 15:22:04",
    "status_code": 200,
    "method": "POST",
    "url": "http://127.0.0.1:5000/user/login",
    "response_data": {
        "data": "eyJhbGciOiJIUzI1NiIsInR5cCI6IkpXVCJ9.eyJ1c2VyX2lkIjoiYWY4NDFkZGQtN2Q2My00Zjc0LTkyMTAtZDY0ZmMxM2RiMzZhIiwiZW1haWwiOiJyaXlhZ295YWw5MzhAZ21haWwuY29tIiwicm9sZSI6ImRvbm9yIiwiZXhwIjoxNzM0MDg3MTI0fQ.7RDnt5ccyy_6_aMMsOaSKXev7cJtqNfSHUpW0gZvP9M",
        "message": "Successful login",
        "status_code": 200
    },
    "response_headers": {
        "Content-Type": "application/json",
        "Content-Length": "307"
    },
    "user_id": null,
    "user_role": null
} 
2024-12-13 15:24:43,103 - INFO - {
    "timestamp": "2024-12-13 15:24:43",
    "method": "POST",
    "url": "http://127.0.0.1:5000/user/login",
    "remote_addr": "127.0.0.1",
    "headers": {
        "Content-Type": "application/json",
        "User-Agent": "PostmanRuntime/7.43.0",
        "Accept": "*/*",
        "Postman-Token": "57f54613-d8e0-468b-9f7c-d8754ee39ee5",
        "Host": "127.0.0.1:5000",
        "Accept-Encoding": "gzip, deflate, br",
        "Connection": "keep-alive",
        "Content-Length": "70"
    },
    "query_params": {},
    "body": {
        "email": "localeyes22@gmail.com",
        "password": "****"
    },
    "user_agent": "PostmanRuntime/7.43.0",
    "user_id": null,
    "user_role": null
} 
2024-12-13 15:24:43,349 - INFO - {
    "timestamp": "2024-12-13 15:24:43",
    "status_code": 200,
    "method": "POST",
    "url": "http://127.0.0.1:5000/user/login",
    "response_data": {
        "data": "eyJhbGciOiJIUzI1NiIsInR5cCI6IkpXVCJ9.eyJ1c2VyX2lkIjoiODcyY2ExYjgtM2E2Yi00NTMwLWE4NmYtN2U3M2NjMzRmNWYyIiwiZW1haWwiOiJsb2NhbGV5ZXMyMkBnbWFpbC5jb20iLCJyb2xlIjoiYWRtaW4iLCJleHAiOjE3MzQwODcyODN9.1tQxk2IxiVrZEsH6xwPZvPTBVvwDT5EK9KlE-Tj2Hz4",
        "message": "Successful login",
        "status_code": 200
    },
    "response_headers": {
        "Content-Type": "application/json",
        "Content-Length": "305"
    },
    "user_id": null,
    "user_role": null
} 
2024-12-13 15:24:48,130 - INFO - {
    "timestamp": "2024-12-13 15:24:48",
    "method": "GET",
    "url": "http://127.0.0.1:5000/user/profile",
    "remote_addr": "127.0.0.1",
    "headers": {
        "Authorization": "Bearer eyJhbGciOiJIUzI1NiIsInR5cCI6IkpXVCJ9.eyJ1c2VyX2lkIjoiODcyY2ExYjgtM2E2Yi00NTMwLWE4NmYtN2U3M2NjMzRmNWYyIiwiZW1haWwiOiJsb2NhbGV5ZXMyMkBnbWFpbC5jb20iLCJyb2xlIjoiYWRtaW4iLCJleHAiOjE3MzQwODcyODN9.1tQxk2IxiVrZEsH6xwPZvPTBVvwDT5EK9KlE-Tj2Hz4",
        "User-Agent": "PostmanRuntime/7.43.0",
        "Accept": "*/*",
        "Postman-Token": "a6a8827a-04fe-428f-bb21-80ce2e680766",
        "Host": "127.0.0.1:5000",
        "Accept-Encoding": "gzip, deflate, br",
        "Connection": "keep-alive"
    },
    "query_params": {},
    "body": {},
    "user_agent": "PostmanRuntime/7.43.0",
    "user_id": "872ca1b8-3a6b-4530-a86f-7e73cc34f5f2",
    "user_role": null
} 
2024-12-13 15:24:48,131 - INFO - {
    "timestamp": "2024-12-13 15:24:48",
    "status_code": 200,
    "method": "GET",
    "url": "http://127.0.0.1:5000/user/profile",
    "response_data": {
        "data": {
            "address": "paramount,sector-137",
            "email": "localeyes22@gmail.com",
            "id": "872ca1b8-3a6b-4530-a86f-7e73cc34f5f2",
            "name": "admin",
            "phone_no": "9999999999",
            "role": "admin"
        },
        "message": "Successfully viewed user profile",
        "status_code": 200
    },
    "response_headers": {
        "Content-Type": "application/json",
        "Content-Length": "289"
    },
    "user_id": "872ca1b8-3a6b-4530-a86f-7e73cc34f5f2",
    "user_role": null
} 
2024-12-13 15:24:55,309 - INFO - {
    "timestamp": "2024-12-13 15:24:55",
    "method": "GET",
    "url": "http://127.0.0.1:5000/user/ngo/all",
    "remote_addr": "127.0.0.1",
    "headers": {
        "Authorization": "Bearer eyJhbGciOiJIUzI1NiIsInR5cCI6IkpXVCJ9.eyJ1c2VyX2lkIjoiODcyY2ExYjgtM2E2Yi00NTMwLWE4NmYtN2U3M2NjMzRmNWYyIiwiZW1haWwiOiJsb2NhbGV5ZXMyMkBnbWFpbC5jb20iLCJyb2xlIjoiYWRtaW4iLCJleHAiOjE3MzQwODcyODN9.1tQxk2IxiVrZEsH6xwPZvPTBVvwDT5EK9KlE-Tj2Hz4",
        "User-Agent": "PostmanRuntime/7.43.0",
        "Accept": "*/*",
        "Postman-Token": "649d0ca4-c756-4411-bf78-e1ba1ed789e0",
        "Host": "127.0.0.1:5000",
        "Accept-Encoding": "gzip, deflate, br",
        "Connection": "keep-alive"
    },
    "query_params": {},
    "body": {},
    "user_agent": "PostmanRuntime/7.43.0",
    "user_id": "872ca1b8-3a6b-4530-a86f-7e73cc34f5f2",
    "user_role": null
} 
2024-12-13 15:24:55,310 - INFO - {
    "timestamp": "2024-12-13 15:24:55",
    "status_code": 200,
    "method": "GET",
    "url": "http://127.0.0.1:5000/user/ngo/all",
    "response_data": {
        "data": [
            {
                "address": "random address",
                "details": "can accept money only",
                "email": "ngo@gmail.com",
                "id": "17d62f81-2631-4124-97df-c73828a88b6f",
                "name": "NGO11",
                "phone_no": "9999999999"
            },
            {
                "address": "random address",
                "details": "can accept money as well as donatable items",
                "email": "ngo1@gmail.com",
                "id": "1baa5007-bdf2-4f92-8e1e-9fd30b9343a5",
                "name": "NGO2",
                "phone_no": "9999999999"
            }
        ],
        "message": "Successfully retreived list of NGOs",
        "status_code": 200
    },
    "response_headers": {
        "Content-Type": "application/json",
        "Content-Length": "571"
    },
    "user_id": "872ca1b8-3a6b-4530-a86f-7e73cc34f5f2",
    "user_role": null
} 
2024-12-13 15:26:23,161 - INFO - {
    "timestamp": "2024-12-13 15:26:23",
    "method": "POST",
    "url": "http://127.0.0.1:5000/admin/ngo",
    "remote_addr": "127.0.0.1",
    "headers": {
        "Content-Type": "application/json",
        "Authorization": "Bearer eyJhbGciOiJIUzI1NiIsInR5cCI6IkpXVCJ9.eyJ1c2VyX2lkIjoiODcyY2ExYjgtM2E2Yi00NTMwLWE4NmYtN2U3M2NjMzRmNWYyIiwiZW1haWwiOiJsb2NhbGV5ZXMyMkBnbWFpbC5jb20iLCJyb2xlIjoiYWRtaW4iLCJleHAiOjE3MzQwODcyODN9.1tQxk2IxiVrZEsH6xwPZvPTBVvwDT5EK9KlE-Tj2Hz4",
        "User-Agent": "PostmanRuntime/7.43.0",
        "Accept": "*/*",
        "Postman-Token": "75006e80-2745-4d99-b15d-1e3fce6ef1b5",
        "Host": "127.0.0.1:5000",
        "Accept-Encoding": "gzip, deflate, br",
        "Connection": "keep-alive",
        "Content-Length": "191"
    },
    "query_params": {},
    "body": {
        "email": "Hillary_Murphy@hotmail.com",
        "phone_no": "9999999999",
        "address": "random address",
        "details": "can accept money as well as donatable items",
        "name": "NGO2"
    },
    "user_agent": "PostmanRuntime/7.43.0",
    "user_id": "872ca1b8-3a6b-4530-a86f-7e73cc34f5f2",
    "user_role": null
} 
2024-12-13 15:26:27,496 - INFO - {
    "timestamp": "2024-12-13 15:26:27",
    "status_code": 201,
    "method": "POST",
    "url": "http://127.0.0.1:5000/admin/ngo",
    "response_data": {
        "data": null,
        "message": "Success",
        "status_code": 201
    },
    "response_headers": {
        "Content-Type": "application/json",
        "Content-Length": "65"
    },
    "user_id": "872ca1b8-3a6b-4530-a86f-7e73cc34f5f2",
    "user_role": null
} 
2024-12-13 15:26:58,537 - INFO - {
    "timestamp": "2024-12-13 15:26:58",
    "method": "GET",
    "url": "http://127.0.0.1:5000/user/ngo/all",
    "remote_addr": "127.0.0.1",
    "headers": {
        "Authorization": "Bearer eyJhbGciOiJIUzI1NiIsInR5cCI6IkpXVCJ9.eyJ1c2VyX2lkIjoiODcyY2ExYjgtM2E2Yi00NTMwLWE4NmYtN2U3M2NjMzRmNWYyIiwiZW1haWwiOiJsb2NhbGV5ZXMyMkBnbWFpbC5jb20iLCJyb2xlIjoiYWRtaW4iLCJleHAiOjE3MzQwODcyODN9.1tQxk2IxiVrZEsH6xwPZvPTBVvwDT5EK9KlE-Tj2Hz4",
        "User-Agent": "PostmanRuntime/7.43.0",
        "Accept": "*/*",
        "Postman-Token": "eaccbfa6-1019-40c2-8d6f-809350403b12",
        "Host": "127.0.0.1:5000",
        "Accept-Encoding": "gzip, deflate, br",
        "Connection": "keep-alive"
    },
    "query_params": {},
    "body": {},
    "user_agent": "PostmanRuntime/7.43.0",
    "user_id": "872ca1b8-3a6b-4530-a86f-7e73cc34f5f2",
    "user_role": null
} 
2024-12-13 15:26:58,538 - INFO - {
    "timestamp": "2024-12-13 15:26:58",
    "status_code": 200,
    "method": "GET",
    "url": "http://127.0.0.1:5000/user/ngo/all",
    "response_data": {
        "data": [
            {
                "address": "random address",
                "details": "can accept money only",
                "email": "ngo@gmail.com",
                "id": "17d62f81-2631-4124-97df-c73828a88b6f",
                "name": "NGO11",
                "phone_no": "9999999999"
            },
            {
                "address": "random address",
                "details": "can accept money as well as donatable items",
                "email": "ngo1@gmail.com",
                "id": "1baa5007-bdf2-4f92-8e1e-9fd30b9343a5",
                "name": "NGO2",
                "phone_no": "9999999999"
            },
            {
                "address": "random address",
                "details": "can accept money as well as donatable items",
                "email": "Hillary_Murphy@hotmail.com",
                "id": "bd1b8d43-e5a5-4ef5-9eae-fdd9432207f2",
                "name": "NGO2",
                "phone_no": "9999999999"
            }
        ],
        "message": "Successfully retreived list of NGOs",
        "status_code": 200
    },
    "response_headers": {
        "Content-Type": "application/json",
        "Content-Length": "833"
    },
    "user_id": "872ca1b8-3a6b-4530-a86f-7e73cc34f5f2",
    "user_role": null
} 
2024-12-13 15:30:02,791 - INFO - {
    "timestamp": "2024-12-13 15:30:02",
    "method": "GET",
    "url": "http://127.0.0.1:5000/user/ngo/all",
    "remote_addr": "127.0.0.1",
    "headers": {
        "Authorization": "Bearer eyJhbGciOiJIUzI1NiIsInR5cCI6IkpXVCJ9.eyJ1c2VyX2lkIjoiODcyY2ExYjgtM2E2Yi00NTMwLWE4NmYtN2U3M2NjMzRmNWYyIiwiZW1haWwiOiJsb2NhbGV5ZXMyMkBnbWFpbC5jb20iLCJyb2xlIjoiYWRtaW4iLCJleHAiOjE3MzQwODcyODN9.1tQxk2IxiVrZEsH6xwPZvPTBVvwDT5EK9KlE-Tj2Hz4",
        "User-Agent": "PostmanRuntime/7.43.0",
        "Accept": "*/*",
        "Postman-Token": "80dc6d1f-c88a-4456-9458-147d28b6deaf",
        "Host": "127.0.0.1:5000",
        "Accept-Encoding": "gzip, deflate, br",
        "Connection": "keep-alive"
    },
    "query_params": {},
    "body": {},
    "user_agent": "PostmanRuntime/7.43.0",
    "user_id": "872ca1b8-3a6b-4530-a86f-7e73cc34f5f2",
    "user_role": null
} 
2024-12-13 15:30:02,792 - INFO - {
    "timestamp": "2024-12-13 15:30:02",
    "status_code": 200,
    "method": "GET",
    "url": "http://127.0.0.1:5000/user/ngo/all",
    "response_data": {
        "data": [
            {
                "address": "random address",
                "details": "can accept money only",
                "email": "ngo@gmail.com",
                "id": "17d62f81-2631-4124-97df-c73828a88b6f",
                "name": "NGO11",
                "phone_no": "9999999999"
            },
            {
                "address": "random address",
                "details": "can accept money as well as donatable items",
                "email": "ngo1@gmail.com",
                "id": "1baa5007-bdf2-4f92-8e1e-9fd30b9343a5",
                "name": "NGO2",
                "phone_no": "9999999999"
            },
            {
                "address": "random address",
                "details": "can accept money as well as donatable items",
                "email": "Hillary_Murphy@hotmail.com",
                "id": "bd1b8d43-e5a5-4ef5-9eae-fdd9432207f2",
                "name": "NGO2",
                "phone_no": "9999999999"
            }
        ],
        "message": "Successfully retreived list of NGOs",
        "status_code": 200
    },
    "response_headers": {
        "Content-Type": "application/json",
        "Content-Length": "833"
    },
    "user_id": "872ca1b8-3a6b-4530-a86f-7e73cc34f5f2",
    "user_role": null
} 
2024-12-13 15:30:28,920 - INFO - {
    "timestamp": "2024-12-13 15:30:28",
    "method": "GET",
    "url": "http://127.0.0.1:5000/user/ngo/all",
    "remote_addr": "127.0.0.1",
    "headers": {
        "Authorization": "Bearer eyJhbGciOiJIUzI1NiIsInR5cCI6IkpXVCJ9.eyJ1c2VyX2lkIjoiODcyY2ExYjgtM2E2Yi00NTMwLWE4NmYtN2U3M2NjMzRmNWYyIiwiZW1haWwiOiJsb2NhbGV5ZXMyMkBnbWFpbC5jb20iLCJyb2xlIjoiYWRtaW4iLCJleHAiOjE3MzQwODcyODN9.1tQxk2IxiVrZEsH6xwPZvPTBVvwDT5EK9KlE-Tj2Hz4",
        "User-Agent": "PostmanRuntime/7.43.0",
        "Accept": "*/*",
        "Postman-Token": "cf168017-6961-421b-941a-367e6604286c",
        "Host": "127.0.0.1:5000",
        "Accept-Encoding": "gzip, deflate, br",
        "Connection": "keep-alive"
    },
    "query_params": {},
    "body": {},
    "user_agent": "PostmanRuntime/7.43.0",
    "user_id": "872ca1b8-3a6b-4530-a86f-7e73cc34f5f2",
    "user_role": null
} 
2024-12-13 15:30:28,920 - INFO - {
    "timestamp": "2024-12-13 15:30:28",
    "status_code": 200,
    "method": "GET",
    "url": "http://127.0.0.1:5000/user/ngo/all",
    "response_data": {
        "data": [
            {
                "address": "random address",
                "details": "can accept money only",
                "email": "ngo@gmail.com",
                "id": "17d62f81-2631-4124-97df-c73828a88b6f",
                "name": "NGO11",
                "phone_no": "9999999999"
            },
            {
                "address": "random address",
                "details": "can accept money as well as donatable items",
                "email": "ngo1@gmail.com",
                "id": "1baa5007-bdf2-4f92-8e1e-9fd30b9343a5",
                "name": "NGO2",
                "phone_no": "9999999999"
            },
            {
                "address": "random address",
                "details": "can accept money as well as donatable items",
                "email": "Hillary_Murphy@hotmail.com",
                "id": "bd1b8d43-e5a5-4ef5-9eae-fdd9432207f2",
                "name": "NGO2",
                "phone_no": "9999999999"
            }
        ],
        "message": "Successfully retreived list of NGOs",
        "status_code": 200
    },
    "response_headers": {
        "Content-Type": "application/json",
        "Content-Length": "833"
    },
    "user_id": "872ca1b8-3a6b-4530-a86f-7e73cc34f5f2",
    "user_role": null
} 
2024-12-13 15:31:03,448 - INFO - {
    "timestamp": "2024-12-13 15:31:03",
    "method": "GET",
    "url": "http://127.0.0.1:5000/user/ngo/bd1b8d43-e5a5-4ef5-9eae-fdd9432207f2",
    "remote_addr": "127.0.0.1",
    "headers": {
        "Authorization": "Bearer eyJhbGciOiJIUzI1NiIsInR5cCI6IkpXVCJ9.eyJ1c2VyX2lkIjoiODcyY2ExYjgtM2E2Yi00NTMwLWE4NmYtN2U3M2NjMzRmNWYyIiwiZW1haWwiOiJsb2NhbGV5ZXMyMkBnbWFpbC5jb20iLCJyb2xlIjoiYWRtaW4iLCJleHAiOjE3MzQwODcyODN9.1tQxk2IxiVrZEsH6xwPZvPTBVvwDT5EK9KlE-Tj2Hz4",
        "User-Agent": "PostmanRuntime/7.43.0",
        "Accept": "*/*",
        "Postman-Token": "b4787566-9c28-48ce-8733-3c121d1b7652",
        "Host": "127.0.0.1:5000",
        "Accept-Encoding": "gzip, deflate, br",
        "Connection": "keep-alive"
    },
    "query_params": {},
    "body": {},
    "user_agent": "PostmanRuntime/7.43.0",
    "user_id": "872ca1b8-3a6b-4530-a86f-7e73cc34f5f2",
    "user_role": null
} 
2024-12-13 15:31:03,449 - INFO - {
    "timestamp": "2024-12-13 15:31:03",
    "status_code": 200,
    "method": "GET",
    "url": "http://127.0.0.1:5000/user/ngo/bd1b8d43-e5a5-4ef5-9eae-fdd9432207f2",
    "response_data": {
        "data": {
            "address": "random address",
            "details": "can accept money as well as donatable items",
            "email": "Hillary_Murphy@hotmail.com",
            "id": "bd1b8d43-e5a5-4ef5-9eae-fdd9432207f2",
            "name": "NGO2",
            "phone_no": "9999999999"
        },
        "message": "Success",
        "status_code": 200
    },
    "response_headers": {
        "Content-Type": "application/json",
        "Content-Length": "303"
    },
    "user_id": "872ca1b8-3a6b-4530-a86f-7e73cc34f5f2",
    "user_role": null
} 
2024-12-13 15:32:11,827 - INFO - {
    "timestamp": "2024-12-13 15:32:11",
    "method": "PUT",
    "url": "http://127.0.0.1:5000/admin/ngo/bd1b8d43-e5a5-4ef5-9eae-fdd9432207f2",
    "remote_addr": "127.0.0.1",
    "headers": {
        "Content-Type": "application/json",
        "Authorization": "Bearer eyJhbGciOiJIUzI1NiIsInR5cCI6IkpXVCJ9.eyJ1c2VyX2lkIjoiODcyY2ExYjgtM2E2Yi00NTMwLWE4NmYtN2U3M2NjMzRmNWYyIiwiZW1haWwiOiJsb2NhbGV5ZXMyMkBnbWFpbC5jb20iLCJyb2xlIjoiYWRtaW4iLCJleHAiOjE3MzQwODcyODN9.1tQxk2IxiVrZEsH6xwPZvPTBVvwDT5EK9KlE-Tj2Hz4",
        "User-Agent": "PostmanRuntime/7.43.0",
        "Accept": "*/*",
        "Postman-Token": "03a12ce0-a7b3-4a49-a46a-c6b7a7ab80d9",
        "Host": "127.0.0.1:5000",
        "Accept-Encoding": "gzip, deflate, br",
        "Connection": "keep-alive",
        "Content-Length": "176"
    },
    "query_params": {},
    "body": {
        "email": "Norma.Zieme89@gmail.com",
        "phone_no": "469-948-4009",
        "address": "random address",
        "details": "can accept money only",
        "name": "Austyn_Hane3"
    },
    "user_agent": "PostmanRuntime/7.43.0",
    "user_id": "872ca1b8-3a6b-4530-a86f-7e73cc34f5f2",
    "user_role": null
} 
2024-12-13 15:32:16,067 - INFO - {
    "timestamp": "2024-12-13 15:32:16",
    "status_code": 200,
    "method": "PUT",
    "url": "http://127.0.0.1:5000/admin/ngo/bd1b8d43-e5a5-4ef5-9eae-fdd9432207f2",
    "response_data": {
        "data": null,
        "message": "Success",
        "status_code": 200
    },
    "response_headers": {
        "Content-Type": "application/json",
        "Content-Length": "65"
    },
    "user_id": "872ca1b8-3a6b-4530-a86f-7e73cc34f5f2",
    "user_role": null
} 
2024-12-13 15:32:22,368 - INFO - {
    "timestamp": "2024-12-13 15:32:22",
    "method": "GET",
    "url": "http://127.0.0.1:5000/user/ngo/bd1b8d43-e5a5-4ef5-9eae-fdd9432207f2",
    "remote_addr": "127.0.0.1",
    "headers": {
        "Authorization": "Bearer eyJhbGciOiJIUzI1NiIsInR5cCI6IkpXVCJ9.eyJ1c2VyX2lkIjoiODcyY2ExYjgtM2E2Yi00NTMwLWE4NmYtN2U3M2NjMzRmNWYyIiwiZW1haWwiOiJsb2NhbGV5ZXMyMkBnbWFpbC5jb20iLCJyb2xlIjoiYWRtaW4iLCJleHAiOjE3MzQwODcyODN9.1tQxk2IxiVrZEsH6xwPZvPTBVvwDT5EK9KlE-Tj2Hz4",
        "User-Agent": "PostmanRuntime/7.43.0",
        "Accept": "*/*",
        "Postman-Token": "7d84b57b-b5ba-4e54-a89d-e81b3bb1e609",
        "Host": "127.0.0.1:5000",
        "Accept-Encoding": "gzip, deflate, br",
        "Connection": "keep-alive"
    },
    "query_params": {},
    "body": {},
    "user_agent": "PostmanRuntime/7.43.0",
    "user_id": "872ca1b8-3a6b-4530-a86f-7e73cc34f5f2",
    "user_role": null
} 
2024-12-13 15:32:22,368 - INFO - {
    "timestamp": "2024-12-13 15:32:22",
    "status_code": 200,
    "method": "GET",
    "url": "http://127.0.0.1:5000/user/ngo/bd1b8d43-e5a5-4ef5-9eae-fdd9432207f2",
    "response_data": {
        "data": {
            "address": "random address",
            "details": "can accept money only",
            "email": "Norma.Zieme89@gmail.com",
            "id": "bd1b8d43-e5a5-4ef5-9eae-fdd9432207f2",
            "name": "Austyn_Hane3",
            "phone_no": "469-948-4009"
        },
        "message": "Success",
        "status_code": 200
    },
    "response_headers": {
        "Content-Type": "application/json",
        "Content-Length": "288"
    },
    "user_id": "872ca1b8-3a6b-4530-a86f-7e73cc34f5f2",
    "user_role": null
} 
2024-12-13 15:32:31,657 - INFO - {
    "timestamp": "2024-12-13 15:32:31",
    "method": "DELETE",
    "url": "http://127.0.0.1:5000/admin/ngo/bd1b8d43-e5a5-4ef5-9eae-fdd9432207f2",
    "remote_addr": "127.0.0.1",
    "headers": {
        "Authorization": "Bearer eyJhbGciOiJIUzI1NiIsInR5cCI6IkpXVCJ9.eyJ1c2VyX2lkIjoiODcyY2ExYjgtM2E2Yi00NTMwLWE4NmYtN2U3M2NjMzRmNWYyIiwiZW1haWwiOiJsb2NhbGV5ZXMyMkBnbWFpbC5jb20iLCJyb2xlIjoiYWRtaW4iLCJleHAiOjE3MzQwODcyODN9.1tQxk2IxiVrZEsH6xwPZvPTBVvwDT5EK9KlE-Tj2Hz4",
        "User-Agent": "PostmanRuntime/7.43.0",
        "Accept": "*/*",
        "Postman-Token": "ceb58231-ea24-455d-9aee-59915e7b61e2",
        "Host": "127.0.0.1:5000",
        "Accept-Encoding": "gzip, deflate, br",
        "Connection": "keep-alive"
    },
    "query_params": {},
    "body": {},
    "user_agent": "PostmanRuntime/7.43.0",
    "user_id": "872ca1b8-3a6b-4530-a86f-7e73cc34f5f2",
    "user_role": null
} 
2024-12-13 15:32:31,664 - INFO - {
    "timestamp": "2024-12-13 15:32:31",
    "status_code": 200,
    "method": "DELETE",
    "url": "http://127.0.0.1:5000/admin/ngo/bd1b8d43-e5a5-4ef5-9eae-fdd9432207f2",
    "response_data": {
        "data": null,
        "message": "Success",
        "status_code": 200
    },
    "response_headers": {
        "Content-Type": "application/json",
        "Content-Length": "65"
    },
    "user_id": "872ca1b8-3a6b-4530-a86f-7e73cc34f5f2",
    "user_role": null
} 
2024-12-13 15:33:27,730 - INFO - {
    "timestamp": "2024-12-13 15:33:27",
    "method": "POST",
    "url": "http://127.0.0.1:5000/user/signup",
    "remote_addr": "127.0.0.1",
    "headers": {
        "Content-Type": "application/json",
        "User-Agent": "PostmanRuntime/7.43.0",
        "Accept": "*/*",
        "Postman-Token": "eb5b7f50-1d7e-45e0-b387-d0631f2dda4f",
        "Host": "127.0.0.1:5000",
        "Accept-Encoding": "gzip, deflate, br",
        "Connection": "keep-alive",
        "Content-Length": "161"
    },
    "query_params": {},
    "body": {
        "name": "riya goyal",
        "address": "paramount,sector-137",
        "phone_no": "9999999999",
        "password": "****",
        "email": "riyagoyal93@gmail.com"
    },
    "user_agent": "PostmanRuntime/7.43.0",
    "user_id": null,
    "user_role": null
} 
2024-12-13 15:33:31,773 - INFO - {
    "timestamp": "2024-12-13 15:33:31",
    "status_code": 400,
    "method": "POST",
    "url": "http://127.0.0.1:5000/user/signup",
    "response_data": {
        "data": null,
        "message": "User with email riyagoyal93@gmail.com already exists",
        "status_code": 4003
    },
    "response_headers": {
        "Content-Type": "application/json",
        "Content-Length": "111"
    },
    "user_id": null,
    "user_role": null
} 
2024-12-13 15:33:31,849 - INFO - {
    "timestamp": "2024-12-13 15:33:31",
    "method": "POST",
    "url": "http://127.0.0.1:5000/user/login",
    "remote_addr": "127.0.0.1",
    "headers": {
        "Content-Type": "application/json",
        "User-Agent": "PostmanRuntime/7.43.0",
        "Accept": "*/*",
        "Postman-Token": "f7f8edce-35f1-46f1-9da0-25d4d9405247",
        "Host": "127.0.0.1:5000",
        "Accept-Encoding": "gzip, deflate, br",
        "Connection": "keep-alive",
        "Content-Length": "70"
    },
    "query_params": {},
    "body": {
        "email": "localeyes22@gmail.com",
        "password": "****"
    },
    "user_agent": "PostmanRuntime/7.43.0",
    "user_id": null,
    "user_role": null
} 
2024-12-13 15:33:32,101 - INFO - {
    "timestamp": "2024-12-13 15:33:32",
    "status_code": 200,
    "method": "POST",
    "url": "http://127.0.0.1:5000/user/login",
    "response_data": {
        "data": "eyJhbGciOiJIUzI1NiIsInR5cCI6IkpXVCJ9.eyJ1c2VyX2lkIjoiODcyY2ExYjgtM2E2Yi00NTMwLWE4NmYtN2U3M2NjMzRmNWYyIiwiZW1haWwiOiJsb2NhbGV5ZXMyMkBnbWFpbC5jb20iLCJyb2xlIjoiYWRtaW4iLCJleHAiOjE3MzQwODc4MTJ9.dEIe0MEIJb-GfywR0D052xQGN9MOeGoAIel-YWEnA8A",
        "message": "Successful login",
        "status_code": 200
    },
    "response_headers": {
        "Content-Type": "application/json",
        "Content-Length": "305"
    },
    "user_id": null,
    "user_role": null
} 
2024-12-13 15:33:32,192 - INFO - {
    "timestamp": "2024-12-13 15:33:32",
    "method": "GET",
    "url": "http://127.0.0.1:5000/user/profile",
    "remote_addr": "127.0.0.1",
    "headers": {
        "Authorization": "Bearer eyJhbGciOiJIUzI1NiIsInR5cCI6IkpXVCJ9.eyJ1c2VyX2lkIjoiODcyY2ExYjgtM2E2Yi00NTMwLWE4NmYtN2U3M2NjMzRmNWYyIiwiZW1haWwiOiJsb2NhbGV5ZXMyMkBnbWFpbC5jb20iLCJyb2xlIjoiYWRtaW4iLCJleHAiOjE3MzQwODc4MTJ9.dEIe0MEIJb-GfywR0D052xQGN9MOeGoAIel-YWEnA8A",
        "User-Agent": "PostmanRuntime/7.43.0",
        "Accept": "*/*",
        "Postman-Token": "f3f638bb-2eb3-4a32-8344-dea412c1c511",
        "Host": "127.0.0.1:5000",
        "Accept-Encoding": "gzip, deflate, br",
        "Connection": "keep-alive"
    },
    "query_params": {},
    "body": {},
    "user_agent": "PostmanRuntime/7.43.0",
    "user_id": "872ca1b8-3a6b-4530-a86f-7e73cc34f5f2",
    "user_role": null
} 
2024-12-13 15:33:32,193 - INFO - {
    "timestamp": "2024-12-13 15:33:32",
    "status_code": 200,
    "method": "GET",
    "url": "http://127.0.0.1:5000/user/profile",
    "response_data": {
        "data": {
            "address": "paramount,sector-137",
            "email": "localeyes22@gmail.com",
            "id": "872ca1b8-3a6b-4530-a86f-7e73cc34f5f2",
            "name": "admin",
            "phone_no": "9999999999",
            "role": "admin"
        },
        "message": "Successfully viewed user profile",
        "status_code": 200
    },
    "response_headers": {
        "Content-Type": "application/json",
        "Content-Length": "289"
    },
    "user_id": "872ca1b8-3a6b-4530-a86f-7e73cc34f5f2",
    "user_role": null
} 
2024-12-13 15:33:32,269 - INFO - {
    "timestamp": "2024-12-13 15:33:32",
    "method": "POST",
    "url": "http://127.0.0.1:5000/admin/ngo",
    "remote_addr": "127.0.0.1",
    "headers": {
        "Content-Type": "application/json",
        "Authorization": "Bearer eyJhbGciOiJIUzI1NiIsInR5cCI6IkpXVCJ9.eyJ1c2VyX2lkIjoiODcyY2ExYjgtM2E2Yi00NTMwLWE4NmYtN2U3M2NjMzRmNWYyIiwiZW1haWwiOiJsb2NhbGV5ZXMyMkBnbWFpbC5jb20iLCJyb2xlIjoiYWRtaW4iLCJleHAiOjE3MzQwODc4MTJ9.dEIe0MEIJb-GfywR0D052xQGN9MOeGoAIel-YWEnA8A",
        "User-Agent": "PostmanRuntime/7.43.0",
        "Accept": "*/*",
        "Postman-Token": "fe6046e9-263c-435a-9904-b1468e1d1c75",
        "Host": "127.0.0.1:5000",
        "Accept-Encoding": "gzip, deflate, br",
        "Connection": "keep-alive",
        "Content-Length": "209"
    },
    "query_params": {},
    "body": {
        "email": "Keyshawn.Halvorson@hotmail.com",
        "phone_no": "803-216-9924",
        "address": "random address",
        "details": "can accept money as well as donatable items",
        "name": "Willie.Pfeffer97"
    },
    "user_agent": "PostmanRuntime/7.43.0",
    "user_id": "872ca1b8-3a6b-4530-a86f-7e73cc34f5f2",
    "user_role": null
} 
2024-12-13 15:33:36,510 - INFO - {
    "timestamp": "2024-12-13 15:33:36",
    "status_code": 201,
    "method": "POST",
    "url": "http://127.0.0.1:5000/admin/ngo",
    "response_data": {
        "data": null,
        "message": "Success",
        "status_code": 201
    },
    "response_headers": {
        "Content-Type": "application/json",
        "Content-Length": "65"
    },
    "user_id": "872ca1b8-3a6b-4530-a86f-7e73cc34f5f2",
    "user_role": null
} 
2024-12-13 15:33:36,577 - INFO - {
    "timestamp": "2024-12-13 15:33:36",
    "method": "GET",
    "url": "http://127.0.0.1:5000/user/ngo/all",
    "remote_addr": "127.0.0.1",
    "headers": {
        "Authorization": "Bearer eyJhbGciOiJIUzI1NiIsInR5cCI6IkpXVCJ9.eyJ1c2VyX2lkIjoiODcyY2ExYjgtM2E2Yi00NTMwLWE4NmYtN2U3M2NjMzRmNWYyIiwiZW1haWwiOiJsb2NhbGV5ZXMyMkBnbWFpbC5jb20iLCJyb2xlIjoiYWRtaW4iLCJleHAiOjE3MzQwODc4MTJ9.dEIe0MEIJb-GfywR0D052xQGN9MOeGoAIel-YWEnA8A",
        "User-Agent": "PostmanRuntime/7.43.0",
        "Accept": "*/*",
        "Postman-Token": "99d63f94-9511-4c5c-a108-9b4920732885",
        "Host": "127.0.0.1:5000",
        "Accept-Encoding": "gzip, deflate, br",
        "Connection": "keep-alive"
    },
    "query_params": {},
    "body": {},
    "user_agent": "PostmanRuntime/7.43.0",
    "user_id": "872ca1b8-3a6b-4530-a86f-7e73cc34f5f2",
    "user_role": null
} 
2024-12-13 15:33:36,577 - INFO - {
    "timestamp": "2024-12-13 15:33:36",
    "status_code": 200,
    "method": "GET",
    "url": "http://127.0.0.1:5000/user/ngo/all",
    "response_data": {
        "data": [
            {
                "address": "random address",
                "details": "can accept money only",
                "email": "ngo@gmail.com",
                "id": "17d62f81-2631-4124-97df-c73828a88b6f",
                "name": "NGO11",
                "phone_no": "9999999999"
            },
            {
                "address": "random address",
                "details": "can accept money as well as donatable items",
                "email": "ngo1@gmail.com",
                "id": "1baa5007-bdf2-4f92-8e1e-9fd30b9343a5",
                "name": "NGO2",
                "phone_no": "9999999999"
            },
            {
                "address": "random address",
                "details": "can accept money as well as donatable items",
                "email": "Keyshawn.Halvorson@hotmail.com",
                "id": "a0659458-4192-494c-a6ea-c114a7aac7c4",
                "name": "Willie.Pfeffer97",
                "phone_no": "803-216-9924"
            }
        ],
        "message": "Successfully retreived list of NGOs",
        "status_code": 200
    },
    "response_headers": {
        "Content-Type": "application/json",
        "Content-Length": "851"
    },
    "user_id": "872ca1b8-3a6b-4530-a86f-7e73cc34f5f2",
    "user_role": null
} 
2024-12-13 15:33:36,657 - INFO - {
    "timestamp": "2024-12-13 15:33:36",
    "method": "GET",
    "url": "http://127.0.0.1:5000/user/ngo/a0659458-4192-494c-a6ea-c114a7aac7c4",
    "remote_addr": "127.0.0.1",
    "headers": {
        "Authorization": "Bearer eyJhbGciOiJIUzI1NiIsInR5cCI6IkpXVCJ9.eyJ1c2VyX2lkIjoiODcyY2ExYjgtM2E2Yi00NTMwLWE4NmYtN2U3M2NjMzRmNWYyIiwiZW1haWwiOiJsb2NhbGV5ZXMyMkBnbWFpbC5jb20iLCJyb2xlIjoiYWRtaW4iLCJleHAiOjE3MzQwODc4MTJ9.dEIe0MEIJb-GfywR0D052xQGN9MOeGoAIel-YWEnA8A",
        "User-Agent": "PostmanRuntime/7.43.0",
        "Accept": "*/*",
        "Postman-Token": "676e5cba-d78b-4d8f-9da7-753406dca969",
        "Host": "127.0.0.1:5000",
        "Accept-Encoding": "gzip, deflate, br",
        "Connection": "keep-alive"
    },
    "query_params": {},
    "body": {},
    "user_agent": "PostmanRuntime/7.43.0",
    "user_id": "872ca1b8-3a6b-4530-a86f-7e73cc34f5f2",
    "user_role": null
} 
2024-12-13 15:33:36,657 - INFO - {
    "timestamp": "2024-12-13 15:33:36",
    "status_code": 200,
    "method": "GET",
    "url": "http://127.0.0.1:5000/user/ngo/a0659458-4192-494c-a6ea-c114a7aac7c4",
    "response_data": {
        "data": {
            "address": "random address",
            "details": "can accept money as well as donatable items",
            "email": "Keyshawn.Halvorson@hotmail.com",
            "id": "a0659458-4192-494c-a6ea-c114a7aac7c4",
            "name": "Willie.Pfeffer97",
            "phone_no": "803-216-9924"
        },
        "message": "Success",
        "status_code": 200
    },
    "response_headers": {
        "Content-Type": "application/json",
        "Content-Length": "321"
    },
    "user_id": "872ca1b8-3a6b-4530-a86f-7e73cc34f5f2",
    "user_role": null
} 
2024-12-13 15:33:36,737 - INFO - {
    "timestamp": "2024-12-13 15:33:36",
    "method": "PUT",
    "url": "http://127.0.0.1:5000/admin/ngo/a0659458-4192-494c-a6ea-c114a7aac7c4",
    "remote_addr": "127.0.0.1",
    "headers": {
        "Content-Type": "application/json",
        "Authorization": "Bearer eyJhbGciOiJIUzI1NiIsInR5cCI6IkpXVCJ9.eyJ1c2VyX2lkIjoiODcyY2ExYjgtM2E2Yi00NTMwLWE4NmYtN2U3M2NjMzRmNWYyIiwiZW1haWwiOiJsb2NhbGV5ZXMyMkBnbWFpbC5jb20iLCJyb2xlIjoiYWRtaW4iLCJleHAiOjE3MzQwODc4MTJ9.dEIe0MEIJb-GfywR0D052xQGN9MOeGoAIel-YWEnA8A",
        "User-Agent": "PostmanRuntime/7.43.0",
        "Accept": "*/*",
        "Postman-Token": "4205ce5c-2501-4e16-95fb-e693cf8ee35d",
        "Host": "127.0.0.1:5000",
        "Accept-Encoding": "gzip, deflate, br",
        "Connection": "keep-alive",
        "Content-Length": "171"
    },
    "query_params": {},
    "body": {
        "email": "Emmanuel27@gmail.com",
        "phone_no": "927-953-3236",
        "address": "random address",
        "details": "can accept money only",
        "name": "Evan_Weber"
    },
    "user_agent": "PostmanRuntime/7.43.0",
    "user_id": "872ca1b8-3a6b-4530-a86f-7e73cc34f5f2",
    "user_role": null
} 
2024-12-13 15:33:40,792 - INFO - {
    "timestamp": "2024-12-13 15:33:40",
    "status_code": 200,
    "method": "PUT",
    "url": "http://127.0.0.1:5000/admin/ngo/a0659458-4192-494c-a6ea-c114a7aac7c4",
    "response_data": {
        "data": null,
        "message": "Success",
        "status_code": 200
    },
    "response_headers": {
        "Content-Type": "application/json",
        "Content-Length": "65"
    },
    "user_id": "872ca1b8-3a6b-4530-a86f-7e73cc34f5f2",
    "user_role": null
} 
2024-12-13 15:33:40,865 - INFO - {
    "timestamp": "2024-12-13 15:33:40",
    "method": "DELETE",
    "url": "http://127.0.0.1:5000/admin/ngo/a0659458-4192-494c-a6ea-c114a7aac7c4",
    "remote_addr": "127.0.0.1",
    "headers": {
        "Authorization": "Bearer eyJhbGciOiJIUzI1NiIsInR5cCI6IkpXVCJ9.eyJ1c2VyX2lkIjoiODcyY2ExYjgtM2E2Yi00NTMwLWE4NmYtN2U3M2NjMzRmNWYyIiwiZW1haWwiOiJsb2NhbGV5ZXMyMkBnbWFpbC5jb20iLCJyb2xlIjoiYWRtaW4iLCJleHAiOjE3MzQwODc4MTJ9.dEIe0MEIJb-GfywR0D052xQGN9MOeGoAIel-YWEnA8A",
        "User-Agent": "PostmanRuntime/7.43.0",
        "Accept": "*/*",
        "Postman-Token": "38c84b47-c000-4ab3-bdb6-1c865e03d75e",
        "Host": "127.0.0.1:5000",
        "Accept-Encoding": "gzip, deflate, br",
        "Connection": "keep-alive"
    },
    "query_params": {},
    "body": {},
    "user_agent": "PostmanRuntime/7.43.0",
    "user_id": "872ca1b8-3a6b-4530-a86f-7e73cc34f5f2",
    "user_role": null
} 
2024-12-13 15:33:40,876 - INFO - {
    "timestamp": "2024-12-13 15:33:40",
    "status_code": 200,
    "method": "DELETE",
    "url": "http://127.0.0.1:5000/admin/ngo/a0659458-4192-494c-a6ea-c114a7aac7c4",
    "response_data": {
        "data": null,
        "message": "Success",
        "status_code": 200
    },
    "response_headers": {
        "Content-Type": "application/json",
        "Content-Length": "65"
    },
    "user_id": "872ca1b8-3a6b-4530-a86f-7e73cc34f5f2",
    "user_role": null
} 
2024-12-14 20:23:51,231 - INFO - {
    "timestamp": "2024-12-14 20:23:51",
    "method": "POST",
    "url": "http://127.0.0.1:5000/user/signup",
    "remote_addr": "127.0.0.1",
    "headers": {
        "Content-Type": "application/json",
        "User-Agent": "PostmanRuntime/7.43.0",
        "Accept": "*/*",
        "Postman-Token": "acda2546-d5ee-4592-95f1-25c1ad0a4d5b",
        "Host": "127.0.0.1:5000",
        "Accept-Encoding": "gzip, deflate, br",
        "Connection": "keep-alive",
        "Content-Length": "175"
    },
    "query_params": {},
    "body": {
        "name": "Orlando.Emmerich14",
        "address": "paramount,sector-137",
        "phone_no": "9999999999",
        "password": "****",
        "email": "Jakayla_Pollich31@gmail.com"
    },
    "user_agent": "PostmanRuntime/7.43.0",
    "user_id": null,
    "user_role": null
} 
2024-12-14 20:23:55,838 - INFO - {
    "timestamp": "2024-12-14 20:23:55",
    "status_code": 201,
    "method": "POST",
    "url": "http://127.0.0.1:5000/user/signup",
    "response_data": {
        "data": null,
        "message": "Success",
        "status_code": 201
    },
    "response_headers": {
        "Content-Type": "application/json",
        "Content-Length": "65"
    },
    "user_id": null,
    "user_role": null
} 
2024-12-14 21:03:28,386 - INFO - {
    "timestamp": "2024-12-14 21:03:28",
    "status_code": 401,
    "method": "POST",
    "url": "http://127.0.0.1:5000/admin/ngo",
    "response_data": {
        "data": null,
        "message": "Token expired",
        "status_code": 401
    },
    "response_headers": {
        "Content-Type": "application/json",
        "Content-Length": "71"
    },
    "user_id": null,
    "user_role": null
} 
2024-12-14 21:03:37,141 - INFO - {
    "timestamp": "2024-12-14 21:03:37",
    "method": "POST",
    "url": "http://127.0.0.1:5000/user/login",
    "remote_addr": "127.0.0.1",
    "headers": {
        "Content-Type": "application/json",
        "User-Agent": "PostmanRuntime/7.43.0",
        "Accept": "*/*",
        "Postman-Token": "2ee30488-a94a-4a0c-bf5f-5fa805ca38a6",
        "Host": "127.0.0.1:5000",
        "Accept-Encoding": "gzip, deflate, br",
        "Connection": "keep-alive",
        "Content-Length": "70"
    },
    "query_params": {},
    "body": {
        "email": "localeyes22@gmail.com",
        "password": "****"
    },
    "user_agent": "PostmanRuntime/7.43.0",
    "user_id": null,
    "user_role": null
} 
2024-12-14 21:03:37,383 - INFO - {
    "timestamp": "2024-12-14 21:03:37",
    "status_code": 200,
    "method": "POST",
    "url": "http://127.0.0.1:5000/user/login",
    "response_data": {
        "data": "eyJhbGciOiJIUzI1NiIsInR5cCI6IkpXVCJ9.eyJ1c2VyX2lkIjoiODcyY2ExYjgtM2E2Yi00NTMwLWE4NmYtN2U3M2NjMzRmNWYyIiwiZW1haWwiOiJsb2NhbGV5ZXMyMkBnbWFpbC5jb20iLCJyb2xlIjoiYWRtaW4iLCJleHAiOjE3MzQxOTQwMTd9.a81iMmnM3552iFi9NSZT6IhYwqfBK8E3CPd-3QvIbXg",
        "message": "Successful login",
        "status_code": 200
    },
    "response_headers": {
        "Content-Type": "application/json",
        "Content-Length": "305"
    },
    "user_id": null,
    "user_role": null
} 
2024-12-14 21:03:44,373 - INFO - {
    "timestamp": "2024-12-14 21:03:44",
    "method": "POST",
    "url": "http://127.0.0.1:5000/admin/ngo",
    "remote_addr": "127.0.0.1",
    "headers": {
        "Content-Type": "application/json",
        "Authorization": "Bearer eyJhbGciOiJIUzI1NiIsInR5cCI6IkpXVCJ9.eyJ1c2VyX2lkIjoiODcyY2ExYjgtM2E2Yi00NTMwLWE4NmYtN2U3M2NjMzRmNWYyIiwiZW1haWwiOiJsb2NhbGV5ZXMyMkBnbWFpbC5jb20iLCJyb2xlIjoiYWRtaW4iLCJleHAiOjE3MzQxOTQwMTd9.a81iMmnM3552iFi9NSZT6IhYwqfBK8E3CPd-3QvIbXg",
        "User-Agent": "PostmanRuntime/7.43.0",
        "Accept": "*/*",
        "Postman-Token": "aec26ff2-3690-4969-8aa1-fdf78f08fce0",
        "Host": "127.0.0.1:5000",
        "Accept-Encoding": "gzip, deflate, br",
        "Connection": "keep-alive",
        "Content-Length": "186"
    },
    "query_params": {},
    "body": {},
    "user_agent": "PostmanRuntime/7.43.0",
    "user_id": "872ca1b8-3a6b-4530-a86f-7e73cc34f5f2",
    "user_role": null
} 
2024-12-14 21:03:44,429 - ERROR - {
    "timestamp": "2024-12-14 21:03:44",
    "error_message": "400 Bad Request: Failed to decode JSON object: Expecting property name enclosed in double quotes: line 2 column 5 (char 7)",
    "traceback": "Traceback (most recent call last):\n  File \"C:\\Users\\rgoyal\\PycharmProjects\\NGO_Management\\.venv\\Lib\\site-packages\\werkzeug\\wrappers\\request.py\", line 611, in get_json\n    rv = self.json_module.loads(data)\n  File \"C:\\Users\\rgoyal\\PycharmProjects\\NGO_Management\\.venv\\Lib\\site-packages\\flask\\json\\provider.py\", line 187, in loads\n    return json.loads(s, **kwargs)\n           ~~~~~~~~~~^^^^^^^^^^^^^\n  File \"C:\\Users\\rgoyal\\AppData\\Local\\Programs\\Python\\Python313\\Lib\\json\\__init__.py\", line 346, in loads\n    return _default_decoder.decode(s)\n           ~~~~~~~~~~~~~~~~~~~~~~~^^^\n  File \"C:\\Users\\rgoyal\\AppData\\Local\\Programs\\Python\\Python313\\Lib\\json\\decoder.py\", line 344, in decode\n    obj, end = self.raw_decode(s, idx=_w(s, 0).end())\n               ~~~~~~~~~~~~~~~^^^^^^^^^^^^^^^^^^^^^^^\n  File \"C:\\Users\\rgoyal\\AppData\\Local\\Programs\\Python\\Python313\\Lib\\json\\decoder.py\", line 360, in raw_decode\n    obj, end = self.scan_once(s, idx)\n               ~~~~~~~~~~~~~~^^^^^^^^\njson.decoder.JSONDecodeError: Expecting property name enclosed in double quotes: line 2 column 5 (char 7)\n\nDuring handling of the above exception, another exception occurred:\n\nTraceback (most recent call last):\n  File \"C:\\Users\\rgoyal\\PycharmProjects\\NGO_Management\\.venv\\Lib\\site-packages\\flask\\app.py\", line 917, in full_dispatch_request\n    rv = self.dispatch_request()\n  File \"C:\\Users\\rgoyal\\PycharmProjects\\NGO_Management\\.venv\\Lib\\site-packages\\flask\\app.py\", line 902, in dispatch_request\n    return self.ensure_sync(self.view_functions[rule.endpoint])(**view_args)  # type: ignore[no-any-return]\n           ~~~~~~~~~~~~~~~~~~~~~~~~~~~~~~~~~~~~~~~~~~~~~~~~~~~~^^^^^^^^^^^^^\n  File \"C:\\Users\\rgoyal\\PycharmProjects\\NGO_Management\\.venv\\app\\utils\\custom_decorators\\admin_decorator.py\", line 11, in wrapped_func\n    return f(*args, **kwargs)\n  File \"C:\\Users\\rgoyal\\PycharmProjects\\NGO_Management\\.venv\\app\\handlers\\admin_handler.py\", line 20, in create_ngo\n    data = request.get_json()\n  File \"C:\\Users\\rgoyal\\PycharmProjects\\NGO_Management\\.venv\\Lib\\site-packages\\werkzeug\\wrappers\\request.py\", line 620, in get_json\n    rv = self.on_json_loading_failed(e)\n  File \"C:\\Users\\rgoyal\\PycharmProjects\\NGO_Management\\.venv\\Lib\\site-packages\\flask\\wrappers.py\", line 214, in on_json_loading_failed\n    return super().on_json_loading_failed(e)\n           ~~~~~~~~~~~~~~~~~~~~~~~~~~~~~~^^^\n  File \"C:\\Users\\rgoyal\\PycharmProjects\\NGO_Management\\.venv\\Lib\\site-packages\\werkzeug\\wrappers\\request.py\", line 645, in on_json_loading_failed\n    raise BadRequest(f\"Failed to decode JSON object: {e}\")\nwerkzeug.exceptions.BadRequest: 400 Bad Request: Failed to decode JSON object: Expecting property name enclosed in double quotes: line 2 column 5 (char 7)\n",
    "request_method": "POST",
    "request_url": "http://127.0.0.1:5000/admin/ngo",
    "request_remote_addr": "127.0.0.1",
    "request_headers": {
        "Content-Type": "application/json",
        "Authorization": "Bearer eyJhbGciOiJIUzI1NiIsInR5cCI6IkpXVCJ9.eyJ1c2VyX2lkIjoiODcyY2ExYjgtM2E2Yi00NTMwLWE4NmYtN2U3M2NjMzRmNWYyIiwiZW1haWwiOiJsb2NhbGV5ZXMyMkBnbWFpbC5jb20iLCJyb2xlIjoiYWRtaW4iLCJleHAiOjE3MzQxOTQwMTd9.a81iMmnM3552iFi9NSZT6IhYwqfBK8E3CPd-3QvIbXg",
        "User-Agent": "PostmanRuntime/7.43.0",
        "Accept": "*/*",
        "Postman-Token": "aec26ff2-3690-4969-8aa1-fdf78f08fce0",
        "Host": "127.0.0.1:5000",
        "Accept-Encoding": "gzip, deflate, br",
        "Connection": "keep-alive",
        "Content-Length": "186"
    },
    "request_body": {},
    "user_id": "872ca1b8-3a6b-4530-a86f-7e73cc34f5f2",
    "user_role": null
} 
2024-12-14 21:03:44,429 - INFO - {
    "timestamp": "2024-12-14 21:03:44",
    "status_code": 500,
    "method": "POST",
    "url": "http://127.0.0.1:5000/admin/ngo",
    "response_data": {
        "data": null,
        "message": "An unexpected error occurred",
        "status_code": 5001
    },
    "response_headers": {
        "Content-Type": "application/json",
        "Content-Length": "87"
    },
    "user_id": "872ca1b8-3a6b-4530-a86f-7e73cc34f5f2",
    "user_role": null
} 
2024-12-14 21:04:07,419 - INFO - {
    "timestamp": "2024-12-14 21:04:07",
    "method": "POST",
    "url": "http://127.0.0.1:5000/admin/ngo",
    "remote_addr": "127.0.0.1",
    "headers": {
        "Content-Type": "application/json",
        "Authorization": "Bearer eyJhbGciOiJIUzI1NiIsInR5cCI6IkpXVCJ9.eyJ1c2VyX2lkIjoiODcyY2ExYjgtM2E2Yi00NTMwLWE4NmYtN2U3M2NjMzRmNWYyIiwiZW1haWwiOiJsb2NhbGV5ZXMyMkBnbWFpbC5jb20iLCJyb2xlIjoiYWRtaW4iLCJleHAiOjE3MzQxOTQwMTd9.a81iMmnM3552iFi9NSZT6IhYwqfBK8E3CPd-3QvIbXg",
        "User-Agent": "PostmanRuntime/7.43.0",
        "Accept": "*/*",
        "Postman-Token": "bfd1e4b4-9a55-4a63-b2f3-9f00a19be9b3",
        "Host": "127.0.0.1:5000",
        "Accept-Encoding": "gzip, deflate, br",
        "Connection": "keep-alive",
        "Content-Length": "205"
    },
    "query_params": {},
    "body": {},
    "user_agent": "PostmanRuntime/7.43.0",
    "user_id": "872ca1b8-3a6b-4530-a86f-7e73cc34f5f2",
    "user_role": null
} 
2024-12-14 21:04:07,448 - ERROR - {
    "timestamp": "2024-12-14 21:04:07",
    "error_message": "name 'BadRequestError' is not defined",
    "traceback": "Traceback (most recent call last):\n  File \"C:\\Users\\rgoyal\\PycharmProjects\\NGO_Management\\.venv\\Lib\\site-packages\\werkzeug\\wrappers\\request.py\", line 611, in get_json\n    rv = self.json_module.loads(data)\n  File \"C:\\Users\\rgoyal\\PycharmProjects\\NGO_Management\\.venv\\Lib\\site-packages\\flask\\json\\provider.py\", line 187, in loads\n    return json.loads(s, **kwargs)\n           ~~~~~~~~~~^^^^^^^^^^^^^\n  File \"C:\\Users\\rgoyal\\AppData\\Local\\Programs\\Python\\Python313\\Lib\\json\\__init__.py\", line 346, in loads\n    return _default_decoder.decode(s)\n           ~~~~~~~~~~~~~~~~~~~~~~~^^^\n  File \"C:\\Users\\rgoyal\\AppData\\Local\\Programs\\Python\\Python313\\Lib\\json\\decoder.py\", line 344, in decode\n    obj, end = self.raw_decode(s, idx=_w(s, 0).end())\n               ~~~~~~~~~~~~~~~^^^^^^^^^^^^^^^^^^^^^^^\n  File \"C:\\Users\\rgoyal\\AppData\\Local\\Programs\\Python\\Python313\\Lib\\json\\decoder.py\", line 360, in raw_decode\n    obj, end = self.scan_once(s, idx)\n               ~~~~~~~~~~~~~~^^^^^^^^\njson.decoder.JSONDecodeError: Expecting property name enclosed in double quotes: line 2 column 5 (char 7)\n\nDuring handling of the above exception, another exception occurred:\n\nTraceback (most recent call last):\n  File \"C:\\Users\\rgoyal\\PycharmProjects\\NGO_Management\\.venv\\app\\handlers\\admin_handler.py\", line 20, in create_ngo\n    data = request.get_json()\n  File \"C:\\Users\\rgoyal\\PycharmProjects\\NGO_Management\\.venv\\Lib\\site-packages\\werkzeug\\wrappers\\request.py\", line 620, in get_json\n    rv = self.on_json_loading_failed(e)\n  File \"C:\\Users\\rgoyal\\PycharmProjects\\NGO_Management\\.venv\\Lib\\site-packages\\flask\\wrappers.py\", line 214, in on_json_loading_failed\n    return super().on_json_loading_failed(e)\n           ~~~~~~~~~~~~~~~~~~~~~~~~~~~~~~^^^\n  File \"C:\\Users\\rgoyal\\PycharmProjects\\NGO_Management\\.venv\\Lib\\site-packages\\werkzeug\\wrappers\\request.py\", line 645, in on_json_loading_failed\n    raise BadRequest(f\"Failed to decode JSON object: {e}\")\nwerkzeug.exceptions.BadRequest: 400 Bad Request: Failed to decode JSON object: Expecting property name enclosed in double quotes: line 2 column 5 (char 7)\n\nDuring handling of the above exception, another exception occurred:\n\nTraceback (most recent call last):\n  File \"C:\\Users\\rgoyal\\PycharmProjects\\NGO_Management\\.venv\\Lib\\site-packages\\flask\\app.py\", line 917, in full_dispatch_request\n    rv = self.dispatch_request()\n  File \"C:\\Users\\rgoyal\\PycharmProjects\\NGO_Management\\.venv\\Lib\\site-packages\\flask\\app.py\", line 902, in dispatch_request\n    return self.ensure_sync(self.view_functions[rule.endpoint])(**view_args)  # type: ignore[no-any-return]\n           ~~~~~~~~~~~~~~~~~~~~~~~~~~~~~~~~~~~~~~~~~~~~~~~~~~~~^^^^^^^^^^^^^\n  File \"C:\\Users\\rgoyal\\PycharmProjects\\NGO_Management\\.venv\\app\\utils\\custom_decorators\\admin_decorator.py\", line 11, in wrapped_func\n    return f(*args, **kwargs)\n  File \"C:\\Users\\rgoyal\\PycharmProjects\\NGO_Management\\.venv\\app\\handlers\\admin_handler.py\", line 46, in create_ngo\n    except BadRequestError:\n           ^^^^^^^^^^^^^^^\nNameError: name 'BadRequestError' is not defined. Did you mean: 'BadRequestKeyError'?\n",
    "request_method": "POST",
    "request_url": "http://127.0.0.1:5000/admin/ngo",
    "request_remote_addr": "127.0.0.1",
    "request_headers": {
        "Content-Type": "application/json",
        "Authorization": "Bearer eyJhbGciOiJIUzI1NiIsInR5cCI6IkpXVCJ9.eyJ1c2VyX2lkIjoiODcyY2ExYjgtM2E2Yi00NTMwLWE4NmYtN2U3M2NjMzRmNWYyIiwiZW1haWwiOiJsb2NhbGV5ZXMyMkBnbWFpbC5jb20iLCJyb2xlIjoiYWRtaW4iLCJleHAiOjE3MzQxOTQwMTd9.a81iMmnM3552iFi9NSZT6IhYwqfBK8E3CPd-3QvIbXg",
        "User-Agent": "PostmanRuntime/7.43.0",
        "Accept": "*/*",
        "Postman-Token": "bfd1e4b4-9a55-4a63-b2f3-9f00a19be9b3",
        "Host": "127.0.0.1:5000",
        "Accept-Encoding": "gzip, deflate, br",
        "Connection": "keep-alive",
        "Content-Length": "205"
    },
    "request_body": {},
    "user_id": "872ca1b8-3a6b-4530-a86f-7e73cc34f5f2",
    "user_role": null
} 
2024-12-14 21:04:07,449 - INFO - {
    "timestamp": "2024-12-14 21:04:07",
    "status_code": 500,
    "method": "POST",
    "url": "http://127.0.0.1:5000/admin/ngo",
    "response_data": {
        "data": null,
        "message": "An unexpected error occurred",
        "status_code": 5001
    },
    "response_headers": {
        "Content-Type": "application/json",
        "Content-Length": "87"
    },
    "user_id": "872ca1b8-3a6b-4530-a86f-7e73cc34f5f2",
    "user_role": null
} 
2024-12-14 21:04:51,534 - INFO - {
    "timestamp": "2024-12-14 21:04:51",
    "method": "POST",
    "url": "http://127.0.0.1:5000/admin/ngo",
    "remote_addr": "127.0.0.1",
    "headers": {
        "Content-Type": "application/json",
        "Authorization": "Bearer eyJhbGciOiJIUzI1NiIsInR5cCI6IkpXVCJ9.eyJ1c2VyX2lkIjoiODcyY2ExYjgtM2E2Yi00NTMwLWE4NmYtN2U3M2NjMzRmNWYyIiwiZW1haWwiOiJsb2NhbGV5ZXMyMkBnbWFpbC5jb20iLCJyb2xlIjoiYWRtaW4iLCJleHAiOjE3MzQxOTQwMTd9.a81iMmnM3552iFi9NSZT6IhYwqfBK8E3CPd-3QvIbXg",
        "User-Agent": "PostmanRuntime/7.43.0",
        "Accept": "*/*",
        "Postman-Token": "795efee9-6978-40f7-8829-06c0ddaa0aa7",
        "Host": "127.0.0.1:5000",
        "Accept-Encoding": "gzip, deflate, br",
        "Connection": "keep-alive",
        "Content-Length": "207"
    },
    "query_params": {},
    "body": {},
    "user_agent": "PostmanRuntime/7.43.0",
    "user_id": "872ca1b8-3a6b-4530-a86f-7e73cc34f5f2",
    "user_role": null
} 
2024-12-14 21:04:51,535 - INFO - {
    "timestamp": "2024-12-14 21:04:51",
    "status_code": 400,
    "method": "POST",
    "url": "http://127.0.0.1:5000/admin/ngo",
    "response_data": {
        "data": null,
        "message": "Invalid request body format",
        "status_code": 4002
    },
    "response_headers": {
        "Content-Type": "application/json",
        "Content-Length": "86"
    },
    "user_id": "872ca1b8-3a6b-4530-a86f-7e73cc34f5f2",
    "user_role": null
} 
2024-12-14 22:53:35,807 - INFO - {
    "timestamp": "2024-12-14 22:53:35",
    "status_code": 401,
    "method": "POST",
    "url": "http://127.0.0.1:5000/admin/ngo",
    "response_data": {
        "data": null,
        "message": "Token expired",
        "status_code": 4102
    },
    "response_headers": {
        "Content-Type": "application/json",
        "Content-Length": "72"
    },
    "user_id": null,
    "user_role": null
} 
2024-12-14 22:53:42,071 - INFO - {
    "timestamp": "2024-12-14 22:53:42",
    "method": "POST",
    "url": "http://127.0.0.1:5000/user/login",
    "remote_addr": "127.0.0.1",
    "headers": {
        "Content-Type": "application/json",
        "User-Agent": "PostmanRuntime/7.43.0",
        "Accept": "*/*",
        "Postman-Token": "d1f51a9d-0aa5-41ce-9efc-7b95b4df8dc5",
        "Host": "127.0.0.1:5000",
        "Accept-Encoding": "gzip, deflate, br",
        "Connection": "keep-alive",
        "Content-Length": "70"
    },
    "query_params": {},
    "body": {
        "email": "localeyes22@gmail.com",
        "password": "****"
    },
    "user_agent": "PostmanRuntime/7.43.0",
    "user_id": null,
    "user_role": null
} 
2024-12-14 22:53:42,319 - INFO - {
    "timestamp": "2024-12-14 22:53:42",
    "status_code": 200,
    "method": "POST",
    "url": "http://127.0.0.1:5000/user/login",
    "response_data": {
        "data": "eyJhbGciOiJIUzI1NiIsInR5cCI6IkpXVCJ9.eyJ1c2VyX2lkIjoiODcyY2ExYjgtM2E2Yi00NTMwLWE4NmYtN2U3M2NjMzRmNWYyIiwiZW1haWwiOiJsb2NhbGV5ZXMyMkBnbWFpbC5jb20iLCJyb2xlIjoiYWRtaW4iLCJleHAiOjE3MzQyMDA2MjJ9.H509kc1pZFQOE07GgSxqY8F4-WO19Kvl700gz_QgGbQ",
        "message": "Successful login",
        "status_code": 200
    },
    "response_headers": {
        "Content-Type": "application/json",
        "Content-Length": "305"
    },
    "user_id": null,
    "user_role": null
} 
2024-12-14 22:53:46,117 - INFO - {
    "timestamp": "2024-12-14 22:53:46",
    "method": "POST",
    "url": "http://127.0.0.1:5000/admin/ngo",
    "remote_addr": "127.0.0.1",
    "headers": {
        "Content-Type": "application/json",
        "Authorization": "Bearer eyJhbGciOiJIUzI1NiIsInR5cCI6IkpXVCJ9.eyJ1c2VyX2lkIjoiODcyY2ExYjgtM2E2Yi00NTMwLWE4NmYtN2U3M2NjMzRmNWYyIiwiZW1haWwiOiJsb2NhbGV5ZXMyMkBnbWFpbC5jb20iLCJyb2xlIjoiYWRtaW4iLCJleHAiOjE3MzQyMDA2MjJ9.H509kc1pZFQOE07GgSxqY8F4-WO19Kvl700gz_QgGbQ",
        "User-Agent": "PostmanRuntime/7.43.0",
        "Accept": "*/*",
        "Postman-Token": "684deee8-f8ed-4daa-a3bf-084b43e28028",
        "Host": "127.0.0.1:5000",
        "Accept-Encoding": "gzip, deflate, br",
        "Connection": "keep-alive",
        "Content-Length": "192"
    },
    "query_params": {},
    "body": {
        "email": "Louie55@yahoo.com",
        "phone_no": "999-718-4620",
        "address": "random address",
        "details": "can accept money as well as donatable items",
        "name": "Kevon.Roob29"
    },
    "user_agent": "PostmanRuntime/7.43.0",
    "user_id": "872ca1b8-3a6b-4530-a86f-7e73cc34f5f2",
    "user_role": null
} 
2024-12-14 22:53:50,468 - ERROR - {
    "timestamp": "2024-12-14 22:53:50",
    "error_message": "'NewNGO' object has no attribute 'password'",
    "traceback": "Traceback (most recent call last):\n  File \"C:\\Users\\rgoyal\\PycharmProjects\\NGO_Management\\.venv\\Lib\\site-packages\\flask\\app.py\", line 917, in full_dispatch_request\n    rv = self.dispatch_request()\n  File \"C:\\Users\\rgoyal\\PycharmProjects\\NGO_Management\\.venv\\Lib\\site-packages\\flask\\app.py\", line 902, in dispatch_request\n    return self.ensure_sync(self.view_functions[rule.endpoint])(**view_args)  # type: ignore[no-any-return]\n           ~~~~~~~~~~~~~~~~~~~~~~~~~~~~~~~~~~~~~~~~~~~~~~~~~~~~^^^^^^^^^^^^^\n  File \"C:\\Users\\rgoyal\\PycharmProjects\\NGO_Management\\.venv\\app\\utils\\custom_decorators\\admin_decorator.py\", line 12, in wrapped_func\n    return f(*args, **kwargs)\n  File \"C:\\Users\\rgoyal\\PycharmProjects\\NGO_Management\\.venv\\app\\handlers\\admin_handler.py\", line 34, in create_ngo\n    self.user_service.add_ngo(NGO.from_dict(request_obj.to_dict()))\n                                            ~~~~~~~~~~~~~~~~~~~^^\n  File \"C:\\Users\\rgoyal\\PycharmProjects\\NGO_Management\\.venv\\app\\models\\new_ngo.py\", line 16, in to_dict\n    'details': self.password,\n               ^^^^^^^^^^^^^\nAttributeError: 'NewNGO' object has no attribute 'password'\n",
    "request_method": "POST",
    "request_url": "http://127.0.0.1:5000/admin/ngo",
    "request_remote_addr": "127.0.0.1",
    "request_headers": {
        "Content-Type": "application/json",
        "Authorization": "Bearer eyJhbGciOiJIUzI1NiIsInR5cCI6IkpXVCJ9.eyJ1c2VyX2lkIjoiODcyY2ExYjgtM2E2Yi00NTMwLWE4NmYtN2U3M2NjMzRmNWYyIiwiZW1haWwiOiJsb2NhbGV5ZXMyMkBnbWFpbC5jb20iLCJyb2xlIjoiYWRtaW4iLCJleHAiOjE3MzQyMDA2MjJ9.H509kc1pZFQOE07GgSxqY8F4-WO19Kvl700gz_QgGbQ",
        "User-Agent": "PostmanRuntime/7.43.0",
        "Accept": "*/*",
        "Postman-Token": "684deee8-f8ed-4daa-a3bf-084b43e28028",
        "Host": "127.0.0.1:5000",
        "Accept-Encoding": "gzip, deflate, br",
        "Connection": "keep-alive",
        "Content-Length": "192"
    },
    "request_body": {
        "email": "Louie55@yahoo.com",
        "phone_no": "999-718-4620",
        "address": "random address",
        "details": "can accept money as well as donatable items",
        "name": "Kevon.Roob29"
    },
    "user_id": "872ca1b8-3a6b-4530-a86f-7e73cc34f5f2",
    "user_role": null
} 
2024-12-14 22:56:26,279 - INFO - {
    "timestamp": "2024-12-14 22:56:26",
    "method": "POST",
    "url": "http://127.0.0.1:5000/admin/ngo",
    "remote_addr": "127.0.0.1",
    "headers": {
        "Content-Type": "application/json",
        "Authorization": "Bearer eyJhbGciOiJIUzI1NiIsInR5cCI6IkpXVCJ9.eyJ1c2VyX2lkIjoiODcyY2ExYjgtM2E2Yi00NTMwLWE4NmYtN2U3M2NjMzRmNWYyIiwiZW1haWwiOiJsb2NhbGV5ZXMyMkBnbWFpbC5jb20iLCJyb2xlIjoiYWRtaW4iLCJleHAiOjE3MzQyMDA2MjJ9.H509kc1pZFQOE07GgSxqY8F4-WO19Kvl700gz_QgGbQ",
        "User-Agent": "PostmanRuntime/7.43.0",
        "Accept": "*/*",
        "Postman-Token": "d76697d1-eca6-4d8b-be62-45720517ba39",
        "Host": "127.0.0.1:5000",
        "Accept-Encoding": "gzip, deflate, br",
        "Connection": "keep-alive",
        "Content-Length": "193"
    },
    "query_params": {},
    "body": {
        "email": "June.Cummings10@yahoo.com",
        "phone_no": "9999999999",
        "address": "random address",
        "details": "can accept money as well as donatable items",
        "name": "Brisa14"
    },
    "user_agent": "PostmanRuntime/7.43.0",
    "user_id": "872ca1b8-3a6b-4530-a86f-7e73cc34f5f2",
    "user_role": null
} 
2024-12-14 22:56:30,415 - ERROR - {
    "timestamp": "2024-12-14 22:56:30",
    "error_message": "'NewNGO' object has no attribute 'password'",
    "traceback": "Traceback (most recent call last):\n  File \"C:\\Users\\rgoyal\\PycharmProjects\\NGO_Management\\.venv\\Lib\\site-packages\\flask\\app.py\", line 917, in full_dispatch_request\n    rv = self.dispatch_request()\n  File \"C:\\Users\\rgoyal\\PycharmProjects\\NGO_Management\\.venv\\Lib\\site-packages\\flask\\app.py\", line 902, in dispatch_request\n    return self.ensure_sync(self.view_functions[rule.endpoint])(**view_args)  # type: ignore[no-any-return]\n           ~~~~~~~~~~~~~~~~~~~~~~~~~~~~~~~~~~~~~~~~~~~~~~~~~~~~^^^^^^^^^^^^^\n  File \"C:\\Users\\rgoyal\\PycharmProjects\\NGO_Management\\.venv\\app\\utils\\custom_decorators\\admin_decorator.py\", line 12, in wrapped_func\n    return f(*args, **kwargs)\n  File \"C:\\Users\\rgoyal\\PycharmProjects\\NGO_Management\\.venv\\app\\handlers\\admin_handler.py\", line 34, in create_ngo\n    self.user_service.add_ngo(NGO.from_dict(request_obj.to_dict()))\n                                            ~~~~~~~~~~~~~~~~~~~^^\n  File \"C:\\Users\\rgoyal\\PycharmProjects\\NGO_Management\\.venv\\app\\models\\new_ngo.py\", line 16, in to_dict\n    'details': self.password,\n               ^^^^^^^^^^^^^\nAttributeError: 'NewNGO' object has no attribute 'password'\n",
    "request_method": "POST",
    "request_url": "http://127.0.0.1:5000/admin/ngo",
    "request_remote_addr": "127.0.0.1",
    "request_headers": {
        "Content-Type": "application/json",
        "Authorization": "Bearer eyJhbGciOiJIUzI1NiIsInR5cCI6IkpXVCJ9.eyJ1c2VyX2lkIjoiODcyY2ExYjgtM2E2Yi00NTMwLWE4NmYtN2U3M2NjMzRmNWYyIiwiZW1haWwiOiJsb2NhbGV5ZXMyMkBnbWFpbC5jb20iLCJyb2xlIjoiYWRtaW4iLCJleHAiOjE3MzQyMDA2MjJ9.H509kc1pZFQOE07GgSxqY8F4-WO19Kvl700gz_QgGbQ",
        "User-Agent": "PostmanRuntime/7.43.0",
        "Accept": "*/*",
        "Postman-Token": "d76697d1-eca6-4d8b-be62-45720517ba39",
        "Host": "127.0.0.1:5000",
        "Accept-Encoding": "gzip, deflate, br",
        "Connection": "keep-alive",
        "Content-Length": "193"
    },
    "request_body": {
        "email": "June.Cummings10@yahoo.com",
        "phone_no": "9999999999",
        "address": "random address",
        "details": "can accept money as well as donatable items",
        "name": "Brisa14"
    },
    "user_id": "872ca1b8-3a6b-4530-a86f-7e73cc34f5f2",
    "user_role": null
} 
2024-12-14 22:58:35,134 - INFO - {
    "timestamp": "2024-12-14 22:58:35",
    "method": "POST",
    "url": "http://127.0.0.1:5000/admin/ngo",
    "remote_addr": "127.0.0.1",
    "headers": {
        "Content-Type": "application/json",
        "Authorization": "Bearer eyJhbGciOiJIUzI1NiIsInR5cCI6IkpXVCJ9.eyJ1c2VyX2lkIjoiODcyY2ExYjgtM2E2Yi00NTMwLWE4NmYtN2U3M2NjMzRmNWYyIiwiZW1haWwiOiJsb2NhbGV5ZXMyMkBnbWFpbC5jb20iLCJyb2xlIjoiYWRtaW4iLCJleHAiOjE3MzQyMDA2MjJ9.H509kc1pZFQOE07GgSxqY8F4-WO19Kvl700gz_QgGbQ",
        "User-Agent": "PostmanRuntime/7.43.0",
        "Accept": "*/*",
        "Postman-Token": "a1ca746e-22f9-41d2-aabe-65c0d681266c",
        "Host": "127.0.0.1:5000",
        "Accept-Encoding": "gzip, deflate, br",
        "Connection": "keep-alive",
        "Content-Length": "196"
    },
    "query_params": {},
    "body": {
        "email": "Brenda12@hotmail.com",
        "phone_no": "523-263-4037",
        "address": "random address",
        "details": "can accept money as well as donatable items",
        "name": "Arne.Maggio18"
    },
    "user_agent": "PostmanRuntime/7.43.0",
    "user_id": "872ca1b8-3a6b-4530-a86f-7e73cc34f5f2",
    "user_role": null
} 
2024-12-14 22:58:39,465 - ERROR - {
    "timestamp": "2024-12-14 22:58:39",
    "error_message": "'NewNGO' object has no attribute 'password'",
    "traceback": "Traceback (most recent call last):\n  File \"C:\\Users\\rgoyal\\PycharmProjects\\NGO_Management\\.venv\\Lib\\site-packages\\flask\\app.py\", line 917, in full_dispatch_request\n    rv = self.dispatch_request()\n  File \"C:\\Users\\rgoyal\\PycharmProjects\\NGO_Management\\.venv\\Lib\\site-packages\\flask\\app.py\", line 902, in dispatch_request\n    return self.ensure_sync(self.view_functions[rule.endpoint])(**view_args)  # type: ignore[no-any-return]\n           ~~~~~~~~~~~~~~~~~~~~~~~~~~~~~~~~~~~~~~~~~~~~~~~~~~~~^^^^^^^^^^^^^\n  File \"C:\\Users\\rgoyal\\PycharmProjects\\NGO_Management\\.venv\\app\\utils\\custom_decorators\\admin_decorator.py\", line 12, in wrapped_func\n    return f(*args, **kwargs)\n  File \"C:\\Users\\rgoyal\\PycharmProjects\\NGO_Management\\.venv\\app\\handlers\\admin_handler.py\", line 34, in create_ngo\n    self.user_service.add_ngo(NGO.from_dict(request_obj.to_dict()))\n                                            ~~~~~~~~~~~~~~~~~~~^^\n  File \"C:\\Users\\rgoyal\\PycharmProjects\\NGO_Management\\.venv\\app\\models\\new_ngo.py\", line 16, in to_dict\n    'details': self.password,\n               ^^^^^^^^^^^^^\nAttributeError: 'NewNGO' object has no attribute 'password'\n",
    "request_method": "POST",
    "request_url": "http://127.0.0.1:5000/admin/ngo",
    "request_remote_addr": "127.0.0.1",
    "request_headers": {
        "Content-Type": "application/json",
        "Authorization": "Bearer eyJhbGciOiJIUzI1NiIsInR5cCI6IkpXVCJ9.eyJ1c2VyX2lkIjoiODcyY2ExYjgtM2E2Yi00NTMwLWE4NmYtN2U3M2NjMzRmNWYyIiwiZW1haWwiOiJsb2NhbGV5ZXMyMkBnbWFpbC5jb20iLCJyb2xlIjoiYWRtaW4iLCJleHAiOjE3MzQyMDA2MjJ9.H509kc1pZFQOE07GgSxqY8F4-WO19Kvl700gz_QgGbQ",
        "User-Agent": "PostmanRuntime/7.43.0",
        "Accept": "*/*",
        "Postman-Token": "a1ca746e-22f9-41d2-aabe-65c0d681266c",
        "Host": "127.0.0.1:5000",
        "Accept-Encoding": "gzip, deflate, br",
        "Connection": "keep-alive",
        "Content-Length": "196"
    },
    "request_body": {
        "email": "Brenda12@hotmail.com",
        "phone_no": "523-263-4037",
        "address": "random address",
        "details": "can accept money as well as donatable items",
        "name": "Arne.Maggio18"
    },
    "user_id": "872ca1b8-3a6b-4530-a86f-7e73cc34f5f2",
    "user_role": null
} 
2024-12-14 22:59:46,038 - INFO - {
    "timestamp": "2024-12-14 22:59:46",
    "method": "POST",
    "url": "http://127.0.0.1:5000/admin/ngo",
    "remote_addr": "127.0.0.1",
    "headers": {
        "Content-Type": "application/json",
        "Authorization": "Bearer eyJhbGciOiJIUzI1NiIsInR5cCI6IkpXVCJ9.eyJ1c2VyX2lkIjoiODcyY2ExYjgtM2E2Yi00NTMwLWE4NmYtN2U3M2NjMzRmNWYyIiwiZW1haWwiOiJsb2NhbGV5ZXMyMkBnbWFpbC5jb20iLCJyb2xlIjoiYWRtaW4iLCJleHAiOjE3MzQyMDA2MjJ9.H509kc1pZFQOE07GgSxqY8F4-WO19Kvl700gz_QgGbQ",
        "User-Agent": "PostmanRuntime/7.43.0",
        "Accept": "*/*",
        "Postman-Token": "787aac63-cbd9-4a28-b68e-ea02643dda23",
        "Host": "127.0.0.1:5000",
        "Accept-Encoding": "gzip, deflate, br",
        "Connection": "keep-alive",
        "Content-Length": "205"
    },
    "query_params": {},
    "body": {
        "email": "Britney.Zulauf82@yahoo.com",
        "phone_no": "616-830-1294",
        "address": "random address",
        "details": "can accept money as well as donatable items",
        "name": "Alice_Lueilwitz8"
    },
    "user_agent": "PostmanRuntime/7.43.0",
    "user_id": "872ca1b8-3a6b-4530-a86f-7e73cc34f5f2",
    "user_role": null
} 
2024-12-14 22:59:56,979 - ERROR - {
    "timestamp": "2024-12-14 22:59:56",
    "error_message": "'NewNGO' object has no attribute 'password'",
    "traceback": "Traceback (most recent call last):\n  File \"C:\\Users\\rgoyal\\PycharmProjects\\NGO_Management\\.venv\\Lib\\site-packages\\flask\\app.py\", line 917, in full_dispatch_request\n    rv = self.dispatch_request()\n  File \"C:\\Users\\rgoyal\\PycharmProjects\\NGO_Management\\.venv\\Lib\\site-packages\\flask\\app.py\", line 902, in dispatch_request\n    return self.ensure_sync(self.view_functions[rule.endpoint])(**view_args)  # type: ignore[no-any-return]\n           ~~~~~~~~~~~~~~~~~~~~~~~~~~~~~~~~~~~~~~~~~~~~~~~~~~~~^^^^^^^^^^^^^\n  File \"C:\\Users\\rgoyal\\PycharmProjects\\NGO_Management\\.venv\\app\\utils\\custom_decorators\\admin_decorator.py\", line 12, in wrapped_func\n    return f(*args, **kwargs)\n  File \"C:\\Users\\rgoyal\\PycharmProjects\\NGO_Management\\.venv\\app\\handlers\\admin_handler.py\", line 35, in create_ngo\n    self.user_service.add_ngo(NGO.from_dict(request_obj.to_dict()))\n                                            ~~~~~~~~~~~~~~~~~~~^^\n  File \"C:\\Users\\rgoyal\\PycharmProjects\\NGO_Management\\.venv\\app\\models\\new_ngo.py\", line 16, in to_dict\n    'details': self.password,\n               ^^^^^^^^^^^^^\nAttributeError: 'NewNGO' object has no attribute 'password'\n",
    "request_method": "POST",
    "request_url": "http://127.0.0.1:5000/admin/ngo",
    "request_remote_addr": "127.0.0.1",
    "request_headers": {
        "Content-Type": "application/json",
        "Authorization": "Bearer eyJhbGciOiJIUzI1NiIsInR5cCI6IkpXVCJ9.eyJ1c2VyX2lkIjoiODcyY2ExYjgtM2E2Yi00NTMwLWE4NmYtN2U3M2NjMzRmNWYyIiwiZW1haWwiOiJsb2NhbGV5ZXMyMkBnbWFpbC5jb20iLCJyb2xlIjoiYWRtaW4iLCJleHAiOjE3MzQyMDA2MjJ9.H509kc1pZFQOE07GgSxqY8F4-WO19Kvl700gz_QgGbQ",
        "User-Agent": "PostmanRuntime/7.43.0",
        "Accept": "*/*",
        "Postman-Token": "787aac63-cbd9-4a28-b68e-ea02643dda23",
        "Host": "127.0.0.1:5000",
        "Accept-Encoding": "gzip, deflate, br",
        "Connection": "keep-alive",
        "Content-Length": "205"
    },
    "request_body": {
        "email": "Britney.Zulauf82@yahoo.com",
        "phone_no": "616-830-1294",
        "address": "random address",
        "details": "can accept money as well as donatable items",
        "name": "Alice_Lueilwitz8"
    },
    "user_id": "872ca1b8-3a6b-4530-a86f-7e73cc34f5f2",
    "user_role": null
} 
2024-12-14 23:01:43,330 - INFO - {
    "timestamp": "2024-12-14 23:01:43",
    "method": "POST",
    "url": "http://127.0.0.1:5000/admin/ngo",
    "remote_addr": "127.0.0.1",
    "headers": {
        "Content-Type": "application/json",
        "Authorization": "Bearer eyJhbGciOiJIUzI1NiIsInR5cCI6IkpXVCJ9.eyJ1c2VyX2lkIjoiODcyY2ExYjgtM2E2Yi00NTMwLWE4NmYtN2U3M2NjMzRmNWYyIiwiZW1haWwiOiJsb2NhbGV5ZXMyMkBnbWFpbC5jb20iLCJyb2xlIjoiYWRtaW4iLCJleHAiOjE3MzQyMDA2MjJ9.H509kc1pZFQOE07GgSxqY8F4-WO19Kvl700gz_QgGbQ",
        "User-Agent": "PostmanRuntime/7.43.0",
        "Accept": "*/*",
        "Postman-Token": "0016f5c8-a32c-4238-b6ba-fac076e575ef",
        "Host": "127.0.0.1:5000",
        "Accept-Encoding": "gzip, deflate, br",
        "Connection": "keep-alive",
        "Content-Length": "203"
    },
    "query_params": {},
    "body": {
        "email": "Bailey_Fahey27@gmail.com",
        "phone_no": "684-291-7584",
        "address": "random address",
        "details": "can accept money as well as donatable items",
        "name": "Kellie.Goodwin42"
    },
    "user_agent": "PostmanRuntime/7.43.0",
    "user_id": "872ca1b8-3a6b-4530-a86f-7e73cc34f5f2",
    "user_role": null
} 
2024-12-14 23:01:58,426 - ERROR - {
    "timestamp": "2024-12-14 23:01:58",
    "error_message": "'NewNGO' object has no attribute 'password'",
    "traceback": "Traceback (most recent call last):\n  File \"C:\\Users\\rgoyal\\PycharmProjects\\NGO_Management\\.venv\\Lib\\site-packages\\flask\\app.py\", line 917, in full_dispatch_request\n    rv = self.dispatch_request()\n  File \"C:\\Users\\rgoyal\\PycharmProjects\\NGO_Management\\.venv\\Lib\\site-packages\\flask\\app.py\", line 902, in dispatch_request\n    return self.ensure_sync(self.view_functions[rule.endpoint])(**view_args)  # type: ignore[no-any-return]\n           ~~~~~~~~~~~~~~~~~~~~~~~~~~~~~~~~~~~~~~~~~~~~~~~~~~~~^^^^^^^^^^^^^\n  File \"C:\\Users\\rgoyal\\PycharmProjects\\NGO_Management\\.venv\\app\\utils\\custom_decorators\\admin_decorator.py\", line 12, in wrapped_func\n    return f(*args, **kwargs)\n  File \"C:\\Users\\rgoyal\\PycharmProjects\\NGO_Management\\.venv\\app\\handlers\\admin_handler.py\", line 34, in create_ngo\n    ngo = NGO.from_dict(request_obj.to_dict())\n                        ~~~~~~~~~~~~~~~~~~~^^\n  File \"C:\\Users\\rgoyal\\PycharmProjects\\NGO_Management\\.venv\\app\\models\\new_ngo.py\", line 16, in to_dict\n    'details': self.password,\n               ^^^^^^^^^^^^^\nAttributeError: 'NewNGO' object has no attribute 'password'\n",
    "request_method": "POST",
    "request_url": "http://127.0.0.1:5000/admin/ngo",
    "request_remote_addr": "127.0.0.1",
    "request_headers": {
        "Content-Type": "application/json",
        "Authorization": "Bearer eyJhbGciOiJIUzI1NiIsInR5cCI6IkpXVCJ9.eyJ1c2VyX2lkIjoiODcyY2ExYjgtM2E2Yi00NTMwLWE4NmYtN2U3M2NjMzRmNWYyIiwiZW1haWwiOiJsb2NhbGV5ZXMyMkBnbWFpbC5jb20iLCJyb2xlIjoiYWRtaW4iLCJleHAiOjE3MzQyMDA2MjJ9.H509kc1pZFQOE07GgSxqY8F4-WO19Kvl700gz_QgGbQ",
        "User-Agent": "PostmanRuntime/7.43.0",
        "Accept": "*/*",
        "Postman-Token": "0016f5c8-a32c-4238-b6ba-fac076e575ef",
        "Host": "127.0.0.1:5000",
        "Accept-Encoding": "gzip, deflate, br",
        "Connection": "keep-alive",
        "Content-Length": "203"
    },
    "request_body": {
        "email": "Bailey_Fahey27@gmail.com",
        "phone_no": "684-291-7584",
        "address": "random address",
        "details": "can accept money as well as donatable items",
        "name": "Kellie.Goodwin42"
    },
    "user_id": "872ca1b8-3a6b-4530-a86f-7e73cc34f5f2",
    "user_role": null
} 
2024-12-14 23:04:17,865 - INFO - {
    "timestamp": "2024-12-14 23:04:17",
    "method": "POST",
    "url": "http://127.0.0.1:5000/admin/ngo",
    "remote_addr": "127.0.0.1",
    "headers": {
        "Content-Type": "application/json",
        "Authorization": "Bearer eyJhbGciOiJIUzI1NiIsInR5cCI6IkpXVCJ9.eyJ1c2VyX2lkIjoiODcyY2ExYjgtM2E2Yi00NTMwLWE4NmYtN2U3M2NjMzRmNWYyIiwiZW1haWwiOiJsb2NhbGV5ZXMyMkBnbWFpbC5jb20iLCJyb2xlIjoiYWRtaW4iLCJleHAiOjE3MzQyMDA2MjJ9.H509kc1pZFQOE07GgSxqY8F4-WO19Kvl700gz_QgGbQ",
        "User-Agent": "PostmanRuntime/7.43.0",
        "Accept": "*/*",
        "Postman-Token": "9feb5d18-325a-433f-902a-ad293b876477",
        "Host": "127.0.0.1:5000",
        "Accept-Encoding": "gzip, deflate, br",
        "Connection": "keep-alive",
        "Content-Length": "208"
    },
    "query_params": {},
    "body": {
        "email": "David_McGlynn12@gmail.com",
        "phone_no": "417-737-0154",
        "address": "random address",
        "details": "can accept money as well as donatable items",
        "name": "Arianna_Macejkovic72"
    },
    "user_agent": "PostmanRuntime/7.43.0",
    "user_id": "872ca1b8-3a6b-4530-a86f-7e73cc34f5f2",
    "user_role": null
} 
2024-12-14 23:04:22,675 - ERROR - {
    "timestamp": "2024-12-14 23:04:22",
    "error_message": "'NewNGO' object has no attribute 'password'",
    "traceback": "Traceback (most recent call last):\n  File \"C:\\Users\\rgoyal\\PycharmProjects\\NGO_Management\\.venv\\Lib\\site-packages\\flask\\app.py\", line 917, in full_dispatch_request\n    rv = self.dispatch_request()\n  File \"C:\\Users\\rgoyal\\PycharmProjects\\NGO_Management\\.venv\\Lib\\site-packages\\flask\\app.py\", line 902, in dispatch_request\n    return self.ensure_sync(self.view_functions[rule.endpoint])(**view_args)  # type: ignore[no-any-return]\n           ~~~~~~~~~~~~~~~~~~~~~~~~~~~~~~~~~~~~~~~~~~~~~~~~~~~~^^^^^^^^^^^^^\n  File \"C:\\Users\\rgoyal\\PycharmProjects\\NGO_Management\\.venv\\app\\utils\\custom_decorators\\admin_decorator.py\", line 12, in wrapped_func\n    return f(*args, **kwargs)\n  File \"C:\\Users\\rgoyal\\PycharmProjects\\NGO_Management\\.venv\\app\\handlers\\admin_handler.py\", line 34, in create_ngo\n    request_obj_dict = request_obj.to_dict()\n  File \"C:\\Users\\rgoyal\\PycharmProjects\\NGO_Management\\.venv\\app\\models\\new_ngo.py\", line 16, in to_dict\n    'details': self.password,\n               ^^^^^^^^^^^^^\nAttributeError: 'NewNGO' object has no attribute 'password'\n",
    "request_method": "POST",
    "request_url": "http://127.0.0.1:5000/admin/ngo",
    "request_remote_addr": "127.0.0.1",
    "request_headers": {
        "Content-Type": "application/json",
        "Authorization": "Bearer eyJhbGciOiJIUzI1NiIsInR5cCI6IkpXVCJ9.eyJ1c2VyX2lkIjoiODcyY2ExYjgtM2E2Yi00NTMwLWE4NmYtN2U3M2NjMzRmNWYyIiwiZW1haWwiOiJsb2NhbGV5ZXMyMkBnbWFpbC5jb20iLCJyb2xlIjoiYWRtaW4iLCJleHAiOjE3MzQyMDA2MjJ9.H509kc1pZFQOE07GgSxqY8F4-WO19Kvl700gz_QgGbQ",
        "User-Agent": "PostmanRuntime/7.43.0",
        "Accept": "*/*",
        "Postman-Token": "9feb5d18-325a-433f-902a-ad293b876477",
        "Host": "127.0.0.1:5000",
        "Accept-Encoding": "gzip, deflate, br",
        "Connection": "keep-alive",
        "Content-Length": "208"
    },
    "request_body": {
        "email": "David_McGlynn12@gmail.com",
        "phone_no": "417-737-0154",
        "address": "random address",
        "details": "can accept money as well as donatable items",
        "name": "Arianna_Macejkovic72"
    },
    "user_id": "872ca1b8-3a6b-4530-a86f-7e73cc34f5f2",
    "user_role": null
} 
2024-12-14 23:04:57,676 - INFO - {
    "timestamp": "2024-12-14 23:04:57",
    "method": "POST",
    "url": "http://127.0.0.1:5000/admin/ngo",
    "remote_addr": "127.0.0.1",
    "headers": {
        "Content-Type": "application/json",
        "Authorization": "Bearer eyJhbGciOiJIUzI1NiIsInR5cCI6IkpXVCJ9.eyJ1c2VyX2lkIjoiODcyY2ExYjgtM2E2Yi00NTMwLWE4NmYtN2U3M2NjMzRmNWYyIiwiZW1haWwiOiJsb2NhbGV5ZXMyMkBnbWFpbC5jb20iLCJyb2xlIjoiYWRtaW4iLCJleHAiOjE3MzQyMDA2MjJ9.H509kc1pZFQOE07GgSxqY8F4-WO19Kvl700gz_QgGbQ",
        "User-Agent": "PostmanRuntime/7.43.0",
        "Accept": "*/*",
        "Postman-Token": "7a3a98ba-d2e7-4ceb-9f52-1460274875db",
        "Host": "127.0.0.1:5000",
        "Accept-Encoding": "gzip, deflate, br",
        "Connection": "keep-alive",
        "Content-Length": "188"
    },
    "query_params": {},
    "body": {
        "email": "Nova85@hotmail.com",
        "phone_no": "312-702-7086",
        "address": "random address",
        "details": "can accept money as well as donatable items",
        "name": "Keith74"
    },
    "user_agent": "PostmanRuntime/7.43.0",
    "user_id": "872ca1b8-3a6b-4530-a86f-7e73cc34f5f2",
    "user_role": null
} 
2024-12-14 23:05:02,006 - ERROR - {
    "timestamp": "2024-12-14 23:05:01",
    "error_message": "'NewNGO' object has no attribute 'password'",
    "traceback": "Traceback (most recent call last):\n  File \"C:\\Users\\rgoyal\\PycharmProjects\\NGO_Management\\.venv\\Lib\\site-packages\\flask\\app.py\", line 917, in full_dispatch_request\n    rv = self.dispatch_request()\n  File \"C:\\Users\\rgoyal\\PycharmProjects\\NGO_Management\\.venv\\Lib\\site-packages\\flask\\app.py\", line 902, in dispatch_request\n    return self.ensure_sync(self.view_functions[rule.endpoint])(**view_args)  # type: ignore[no-any-return]\n           ~~~~~~~~~~~~~~~~~~~~~~~~~~~~~~~~~~~~~~~~~~~~~~~~~~~~^^^^^^^^^^^^^\n  File \"C:\\Users\\rgoyal\\PycharmProjects\\NGO_Management\\.venv\\app\\utils\\custom_decorators\\admin_decorator.py\", line 12, in wrapped_func\n    return f(*args, **kwargs)\n  File \"C:\\Users\\rgoyal\\PycharmProjects\\NGO_Management\\.venv\\app\\handlers\\admin_handler.py\", line 35, in create_ngo\n    request_obj_dict = request_obj.to_dict()\n  File \"C:\\Users\\rgoyal\\PycharmProjects\\NGO_Management\\.venv\\app\\models\\new_ngo.py\", line 16, in to_dict\n    'details': self.password,\n               ^^^^^^^^^^^^^\nAttributeError: 'NewNGO' object has no attribute 'password'\n",
    "request_method": "POST",
    "request_url": "http://127.0.0.1:5000/admin/ngo",
    "request_remote_addr": "127.0.0.1",
    "request_headers": {
        "Content-Type": "application/json",
        "Authorization": "Bearer eyJhbGciOiJIUzI1NiIsInR5cCI6IkpXVCJ9.eyJ1c2VyX2lkIjoiODcyY2ExYjgtM2E2Yi00NTMwLWE4NmYtN2U3M2NjMzRmNWYyIiwiZW1haWwiOiJsb2NhbGV5ZXMyMkBnbWFpbC5jb20iLCJyb2xlIjoiYWRtaW4iLCJleHAiOjE3MzQyMDA2MjJ9.H509kc1pZFQOE07GgSxqY8F4-WO19Kvl700gz_QgGbQ",
        "User-Agent": "PostmanRuntime/7.43.0",
        "Accept": "*/*",
        "Postman-Token": "7a3a98ba-d2e7-4ceb-9f52-1460274875db",
        "Host": "127.0.0.1:5000",
        "Accept-Encoding": "gzip, deflate, br",
        "Connection": "keep-alive",
        "Content-Length": "188"
    },
    "request_body": {
        "email": "Nova85@hotmail.com",
        "phone_no": "312-702-7086",
        "address": "random address",
        "details": "can accept money as well as donatable items",
        "name": "Keith74"
    },
    "user_id": "872ca1b8-3a6b-4530-a86f-7e73cc34f5f2",
    "user_role": null
} 
2024-12-14 23:09:27,517 - INFO - {
    "timestamp": "2024-12-14 23:09:27",
    "method": "POST",
    "url": "http://127.0.0.1:5000/admin/ngo",
    "remote_addr": "127.0.0.1",
    "headers": {
        "Content-Type": "application/json",
        "Authorization": "Bearer eyJhbGciOiJIUzI1NiIsInR5cCI6IkpXVCJ9.eyJ1c2VyX2lkIjoiODcyY2ExYjgtM2E2Yi00NTMwLWE4NmYtN2U3M2NjMzRmNWYyIiwiZW1haWwiOiJsb2NhbGV5ZXMyMkBnbWFpbC5jb20iLCJyb2xlIjoiYWRtaW4iLCJleHAiOjE3MzQyMDA2MjJ9.H509kc1pZFQOE07GgSxqY8F4-WO19Kvl700gz_QgGbQ",
        "User-Agent": "PostmanRuntime/7.43.0",
        "Accept": "*/*",
        "Postman-Token": "0167b6ce-4164-4ee3-97b2-dcc0177ccc5d",
        "Host": "127.0.0.1:5000",
        "Accept-Encoding": "gzip, deflate, br",
        "Connection": "keep-alive",
        "Content-Length": "192"
    },
    "query_params": {},
    "body": {
        "email": "German99@gmail.com",
        "phone_no": "606-372-6804",
        "address": "random address",
        "details": "can accept money as well as donatable items",
        "name": "Berry_Walsh"
    },
    "user_agent": "PostmanRuntime/7.43.0",
    "user_id": "872ca1b8-3a6b-4530-a86f-7e73cc34f5f2",
    "user_role": null
} 
2024-12-14 23:09:31,664 - ERROR - {
    "timestamp": "2024-12-14 23:09:31",
    "error_message": "'NewNGO' object has no attribute 'password'",
    "traceback": "Traceback (most recent call last):\n  File \"C:\\Users\\rgoyal\\PycharmProjects\\NGO_Management\\.venv\\Lib\\site-packages\\flask\\app.py\", line 917, in full_dispatch_request\n    rv = self.dispatch_request()\n  File \"C:\\Users\\rgoyal\\PycharmProjects\\NGO_Management\\.venv\\Lib\\site-packages\\flask\\app.py\", line 902, in dispatch_request\n    return self.ensure_sync(self.view_functions[rule.endpoint])(**view_args)  # type: ignore[no-any-return]\n           ~~~~~~~~~~~~~~~~~~~~~~~~~~~~~~~~~~~~~~~~~~~~~~~~~~~~^^^^^^^^^^^^^\n  File \"C:\\Users\\rgoyal\\PycharmProjects\\NGO_Management\\.venv\\app\\utils\\custom_decorators\\admin_decorator.py\", line 12, in wrapped_func\n    return f(*args, **kwargs)\n  File \"C:\\Users\\rgoyal\\PycharmProjects\\NGO_Management\\.venv\\app\\handlers\\admin_handler.py\", line 36, in create_ngo\n    request_obj_dict = request_obj.to_dict()\n  File \"C:\\Users\\rgoyal\\PycharmProjects\\NGO_Management\\.venv\\app\\models\\new_ngo.py\", line 16, in to_dict\n    'details': self.password,\n               ^^^^^^^^^^^^^\nAttributeError: 'NewNGO' object has no attribute 'password'\n",
    "request_method": "POST",
    "request_url": "http://127.0.0.1:5000/admin/ngo",
    "request_remote_addr": "127.0.0.1",
    "request_headers": {
        "Content-Type": "application/json",
        "Authorization": "Bearer eyJhbGciOiJIUzI1NiIsInR5cCI6IkpXVCJ9.eyJ1c2VyX2lkIjoiODcyY2ExYjgtM2E2Yi00NTMwLWE4NmYtN2U3M2NjMzRmNWYyIiwiZW1haWwiOiJsb2NhbGV5ZXMyMkBnbWFpbC5jb20iLCJyb2xlIjoiYWRtaW4iLCJleHAiOjE3MzQyMDA2MjJ9.H509kc1pZFQOE07GgSxqY8F4-WO19Kvl700gz_QgGbQ",
        "User-Agent": "PostmanRuntime/7.43.0",
        "Accept": "*/*",
        "Postman-Token": "0167b6ce-4164-4ee3-97b2-dcc0177ccc5d",
        "Host": "127.0.0.1:5000",
        "Accept-Encoding": "gzip, deflate, br",
        "Connection": "keep-alive",
        "Content-Length": "192"
    },
    "request_body": {
        "email": "German99@gmail.com",
        "phone_no": "606-372-6804",
        "address": "random address",
        "details": "can accept money as well as donatable items",
        "name": "Berry_Walsh"
    },
    "user_id": "872ca1b8-3a6b-4530-a86f-7e73cc34f5f2",
    "user_role": null
} 
2024-12-14 23:10:16,117 - INFO - {
    "timestamp": "2024-12-14 23:10:16",
    "method": "POST",
    "url": "http://127.0.0.1:5000/admin/ngo",
    "remote_addr": "127.0.0.1",
    "headers": {
        "Content-Type": "application/json",
        "Authorization": "Bearer eyJhbGciOiJIUzI1NiIsInR5cCI6IkpXVCJ9.eyJ1c2VyX2lkIjoiODcyY2ExYjgtM2E2Yi00NTMwLWE4NmYtN2U3M2NjMzRmNWYyIiwiZW1haWwiOiJsb2NhbGV5ZXMyMkBnbWFpbC5jb20iLCJyb2xlIjoiYWRtaW4iLCJleHAiOjE3MzQyMDA2MjJ9.H509kc1pZFQOE07GgSxqY8F4-WO19Kvl700gz_QgGbQ",
        "User-Agent": "PostmanRuntime/7.43.0",
        "Accept": "*/*",
        "Postman-Token": "5850ad41-039a-4ca8-b323-3dd5305a696f",
        "Host": "127.0.0.1:5000",
        "Accept-Encoding": "gzip, deflate, br",
        "Connection": "keep-alive",
        "Content-Length": "205"
    },
    "query_params": {},
    "body": {
        "email": "Giovanny_Schumm68@hotmail.com",
        "phone_no": "932-846-9048",
        "address": "random address",
        "details": "can accept money as well as donatable items",
        "name": "Gracie.Grimes"
    },
    "user_agent": "PostmanRuntime/7.43.0",
    "user_id": "872ca1b8-3a6b-4530-a86f-7e73cc34f5f2",
    "user_role": null
} 
2024-12-14 23:10:20,438 - ERROR - {
    "timestamp": "2024-12-14 23:10:20",
    "error_message": "'NewNGO' object has no attribute 'password'",
    "traceback": "Traceback (most recent call last):\n  File \"C:\\Users\\rgoyal\\PycharmProjects\\NGO_Management\\.venv\\Lib\\site-packages\\flask\\app.py\", line 917, in full_dispatch_request\n    rv = self.dispatch_request()\n  File \"C:\\Users\\rgoyal\\PycharmProjects\\NGO_Management\\.venv\\Lib\\site-packages\\flask\\app.py\", line 902, in dispatch_request\n    return self.ensure_sync(self.view_functions[rule.endpoint])(**view_args)  # type: ignore[no-any-return]\n           ~~~~~~~~~~~~~~~~~~~~~~~~~~~~~~~~~~~~~~~~~~~~~~~~~~~~^^^^^^^^^^^^^\n  File \"C:\\Users\\rgoyal\\PycharmProjects\\NGO_Management\\.venv\\app\\utils\\custom_decorators\\admin_decorator.py\", line 12, in wrapped_func\n    return f(*args, **kwargs)\n  File \"C:\\Users\\rgoyal\\PycharmProjects\\NGO_Management\\.venv\\app\\handlers\\admin_handler.py\", line 35, in create_ngo\n    print(request_obj.to_dict())\n          ~~~~~~~~~~~~~~~~~~~^^\n  File \"C:\\Users\\rgoyal\\PycharmProjects\\NGO_Management\\.venv\\app\\models\\new_ngo.py\", line 16, in to_dict\n    'details': self.password,\n               ^^^^^^^^^^^^^\nAttributeError: 'NewNGO' object has no attribute 'password'\n",
    "request_method": "POST",
    "request_url": "http://127.0.0.1:5000/admin/ngo",
    "request_remote_addr": "127.0.0.1",
    "request_headers": {
        "Content-Type": "application/json",
        "Authorization": "Bearer eyJhbGciOiJIUzI1NiIsInR5cCI6IkpXVCJ9.eyJ1c2VyX2lkIjoiODcyY2ExYjgtM2E2Yi00NTMwLWE4NmYtN2U3M2NjMzRmNWYyIiwiZW1haWwiOiJsb2NhbGV5ZXMyMkBnbWFpbC5jb20iLCJyb2xlIjoiYWRtaW4iLCJleHAiOjE3MzQyMDA2MjJ9.H509kc1pZFQOE07GgSxqY8F4-WO19Kvl700gz_QgGbQ",
        "User-Agent": "PostmanRuntime/7.43.0",
        "Accept": "*/*",
        "Postman-Token": "5850ad41-039a-4ca8-b323-3dd5305a696f",
        "Host": "127.0.0.1:5000",
        "Accept-Encoding": "gzip, deflate, br",
        "Connection": "keep-alive",
        "Content-Length": "205"
    },
    "request_body": {
        "email": "Giovanny_Schumm68@hotmail.com",
        "phone_no": "932-846-9048",
        "address": "random address",
        "details": "can accept money as well as donatable items",
        "name": "Gracie.Grimes"
    },
    "user_id": "872ca1b8-3a6b-4530-a86f-7e73cc34f5f2",
    "user_role": null
} 
2024-12-14 23:15:01,709 - INFO - {
    "timestamp": "2024-12-14 23:15:01",
    "method": "POST",
    "url": "http://127.0.0.1:5000/admin/ngo",
    "remote_addr": "127.0.0.1",
    "headers": {
        "Content-Type": "application/json",
        "Authorization": "Bearer eyJhbGciOiJIUzI1NiIsInR5cCI6IkpXVCJ9.eyJ1c2VyX2lkIjoiODcyY2ExYjgtM2E2Yi00NTMwLWE4NmYtN2U3M2NjMzRmNWYyIiwiZW1haWwiOiJsb2NhbGV5ZXMyMkBnbWFpbC5jb20iLCJyb2xlIjoiYWRtaW4iLCJleHAiOjE3MzQyMDA2MjJ9.H509kc1pZFQOE07GgSxqY8F4-WO19Kvl700gz_QgGbQ",
        "User-Agent": "PostmanRuntime/7.43.0",
        "Accept": "*/*",
        "Postman-Token": "34b88ee6-aa42-43af-8856-93d43d36d265",
        "Host": "127.0.0.1:5000",
        "Accept-Encoding": "gzip, deflate, br",
        "Connection": "keep-alive",
        "Content-Length": "190"
    },
    "query_params": {},
    "body": {
        "email": "Elenor45@hotmail.com",
        "phone_no": "649-853-2013",
        "address": "random address",
        "details": "can accept money as well as donatable items",
        "name": "Linda39"
    },
    "user_agent": "PostmanRuntime/7.43.0",
    "user_id": "872ca1b8-3a6b-4530-a86f-7e73cc34f5f2",
    "user_role": null
} 
2024-12-14 23:15:05,842 - INFO - {
    "timestamp": "2024-12-14 23:15:05",
    "status_code": 201,
    "method": "POST",
    "url": "http://127.0.0.1:5000/admin/ngo",
    "response_data": {
        "data": null,
        "message": "Success",
        "status_code": 201
    },
    "response_headers": {
        "Content-Type": "application/json",
        "Content-Length": "65"
    },
    "user_id": "872ca1b8-3a6b-4530-a86f-7e73cc34f5f2",
    "user_role": null
} 
2024-12-14 23:17:15,526 - INFO - {
    "timestamp": "2024-12-14 23:17:15",
    "method": "POST",
    "url": "http://127.0.0.1:5000/admin/ngo",
    "remote_addr": "127.0.0.1",
    "headers": {
        "Content-Type": "application/json",
        "Authorization": "Bearer eyJhbGciOiJIUzI1NiIsInR5cCI6IkpXVCJ9.eyJ1c2VyX2lkIjoiODcyY2ExYjgtM2E2Yi00NTMwLWE4NmYtN2U3M2NjMzRmNWYyIiwiZW1haWwiOiJsb2NhbGV5ZXMyMkBnbWFpbC5jb20iLCJyb2xlIjoiYWRtaW4iLCJleHAiOjE3MzQyMDA2MjJ9.H509kc1pZFQOE07GgSxqY8F4-WO19Kvl700gz_QgGbQ",
        "User-Agent": "PostmanRuntime/7.43.0",
        "Accept": "*/*",
        "Postman-Token": "368d5337-b8b0-44cf-8c5b-8525c8052aff",
        "Host": "127.0.0.1:5000",
        "Accept-Encoding": "gzip, deflate, br",
        "Connection": "keep-alive",
        "Content-Length": "198"
    },
    "query_params": {},
    "body": {},
    "user_agent": "PostmanRuntime/7.43.0",
    "user_id": "872ca1b8-3a6b-4530-a86f-7e73cc34f5f2",
    "user_role": null
} 
2024-12-14 23:17:15,527 - INFO - {
    "timestamp": "2024-12-14 23:17:15",
    "status_code": 400,
    "method": "POST",
    "url": "http://127.0.0.1:5000/admin/ngo",
    "response_data": {
        "data": null,
        "message": "Invalid request body format",
        "status_code": 4002
    },
    "response_headers": {
        "Content-Type": "application/json",
        "Content-Length": "86"
    },
    "user_id": "872ca1b8-3a6b-4530-a86f-7e73cc34f5f2",
    "user_role": null
} 
2024-12-14 23:19:35,335 - INFO - {
    "timestamp": "2024-12-14 23:19:35",
    "method": "POST",
    "url": "http://127.0.0.1:5000/admin/ngo",
    "remote_addr": "127.0.0.1",
    "headers": {
        "Content-Type": "application/json",
        "Authorization": "Bearer eyJhbGciOiJIUzI1NiIsInR5cCI6IkpXVCJ9.eyJ1c2VyX2lkIjoiODcyY2ExYjgtM2E2Yi00NTMwLWE4NmYtN2U3M2NjMzRmNWYyIiwiZW1haWwiOiJsb2NhbGV5ZXMyMkBnbWFpbC5jb20iLCJyb2xlIjoiYWRtaW4iLCJleHAiOjE3MzQyMDA2MjJ9.H509kc1pZFQOE07GgSxqY8F4-WO19Kvl700gz_QgGbQ",
        "User-Agent": "PostmanRuntime/7.43.0",
        "Accept": "*/*",
        "Postman-Token": "c956d430-79c2-4ac1-8d9d-ac84be01f44e",
        "Host": "127.0.0.1:5000",
        "Accept-Encoding": "gzip, deflate, br",
        "Connection": "keep-alive",
        "Content-Length": "175"
    },
    "query_params": {},
    "body": {
        "email": "",
        "phone_no": "763-781-4479",
        "address": "random address",
        "details": "can accept money as well as donatable items",
        "name": "Margret.Wolf"
    },
    "user_agent": "PostmanRuntime/7.43.0",
    "user_id": "872ca1b8-3a6b-4530-a86f-7e73cc34f5f2",
    "user_role": null
} 
2024-12-14 23:19:35,335 - INFO - {
    "timestamp": "2024-12-14 23:19:35",
    "status_code": 422,
    "method": "POST",
    "url": "http://127.0.0.1:5000/admin/ngo",
    "response_data": {
        "data": null,
        "message": "Invalid email id",
        "status_code": 4003
    },
    "response_headers": {
        "Content-Type": "application/json",
        "Content-Length": "75"
    },
    "user_id": "872ca1b8-3a6b-4530-a86f-7e73cc34f5f2",
    "user_role": null
} 
2024-12-14 23:26:17,403 - INFO - {
    "timestamp": "2024-12-14 23:26:17",
    "method": "DELETE",
    "url": "http://127.0.0.1:5000/admin/ngo/78",
    "remote_addr": "127.0.0.1",
    "headers": {
        "Authorization": "Bearer eyJhbGciOiJIUzI1NiIsInR5cCI6IkpXVCJ9.eyJ1c2VyX2lkIjoiODcyY2ExYjgtM2E2Yi00NTMwLWE4NmYtN2U3M2NjMzRmNWYyIiwiZW1haWwiOiJsb2NhbGV5ZXMyMkBnbWFpbC5jb20iLCJyb2xlIjoiYWRtaW4iLCJleHAiOjE3MzQyMDA2MjJ9.H509kc1pZFQOE07GgSxqY8F4-WO19Kvl700gz_QgGbQ",
        "User-Agent": "PostmanRuntime/7.43.0",
        "Accept": "*/*",
        "Postman-Token": "f252fc1f-d864-4a58-bcca-e63bf798cdb2",
        "Host": "127.0.0.1:5000",
        "Accept-Encoding": "gzip, deflate, br",
        "Connection": "keep-alive"
    },
    "query_params": {},
    "body": {},
    "user_agent": "PostmanRuntime/7.43.0",
    "user_id": "872ca1b8-3a6b-4530-a86f-7e73cc34f5f2",
    "user_role": null
} 
2024-12-14 23:26:17,405 - INFO - {
    "timestamp": "2024-12-14 23:26:17",
    "status_code": 500,
    "method": "DELETE",
    "url": "http://127.0.0.1:5000/admin/ngo/78",
    "response_data": {
        "data": null,
        "message": "Ngo Id does not exist",
        "status_code": 5000
    },
    "response_headers": {
        "Content-Type": "application/json",
        "Content-Length": "80"
    },
    "user_id": "872ca1b8-3a6b-4530-a86f-7e73cc34f5f2",
    "user_role": null
} 
2024-12-14 23:30:03,191 - INFO - {
    "timestamp": "2024-12-14 23:30:03",
    "method": "DELETE",
    "url": "http://127.0.0.1:5000/admin/ngo/78",
    "remote_addr": "127.0.0.1",
    "headers": {
        "Authorization": "Bearer eyJhbGciOiJIUzI1NiIsInR5cCI6IkpXVCJ9.eyJ1c2VyX2lkIjoiODcyY2ExYjgtM2E2Yi00NTMwLWE4NmYtN2U3M2NjMzRmNWYyIiwiZW1haWwiOiJsb2NhbGV5ZXMyMkBnbWFpbC5jb20iLCJyb2xlIjoiYWRtaW4iLCJleHAiOjE3MzQyMDA2MjJ9.H509kc1pZFQOE07GgSxqY8F4-WO19Kvl700gz_QgGbQ",
        "User-Agent": "PostmanRuntime/7.43.0",
        "Accept": "*/*",
        "Postman-Token": "c48a13ce-a2a6-4af4-994e-dfa865303b1c",
        "Host": "127.0.0.1:5000",
        "Accept-Encoding": "gzip, deflate, br",
        "Connection": "keep-alive"
    },
    "query_params": {},
    "body": {},
    "user_agent": "PostmanRuntime/7.43.0",
    "user_id": "872ca1b8-3a6b-4530-a86f-7e73cc34f5f2",
    "user_role": null
} 
2024-12-14 23:30:03,191 - INFO - {
    "timestamp": "2024-12-14 23:30:03",
    "status_code": 500,
    "method": "DELETE",
    "url": "http://127.0.0.1:5000/admin/ngo/78",
    "response_data": {
        "data": null,
        "message": "Ngo Id does not exist",
        "status_code": 5000
    },
    "response_headers": {
        "Content-Type": "application/json",
        "Content-Length": "80"
    },
    "user_id": "872ca1b8-3a6b-4530-a86f-7e73cc34f5f2",
    "user_role": null
} 
2024-12-14 23:30:29,218 - INFO - {
    "timestamp": "2024-12-14 23:30:29",
    "method": "DELETE",
    "url": "http://127.0.0.1:5000/admin/ngo/78",
    "remote_addr": "127.0.0.1",
    "headers": {
        "Authorization": "Bearer eyJhbGciOiJIUzI1NiIsInR5cCI6IkpXVCJ9.eyJ1c2VyX2lkIjoiODcyY2ExYjgtM2E2Yi00NTMwLWE4NmYtN2U3M2NjMzRmNWYyIiwiZW1haWwiOiJsb2NhbGV5ZXMyMkBnbWFpbC5jb20iLCJyb2xlIjoiYWRtaW4iLCJleHAiOjE3MzQyMDA2MjJ9.H509kc1pZFQOE07GgSxqY8F4-WO19Kvl700gz_QgGbQ",
        "User-Agent": "PostmanRuntime/7.43.0",
        "Accept": "*/*",
        "Postman-Token": "1d3f5fcc-bf1c-43bd-911e-ad15c1cd00b1",
        "Host": "127.0.0.1:5000",
        "Accept-Encoding": "gzip, deflate, br",
        "Connection": "keep-alive"
    },
    "query_params": {},
    "body": {},
    "user_agent": "PostmanRuntime/7.43.0",
    "user_id": "872ca1b8-3a6b-4530-a86f-7e73cc34f5f2",
    "user_role": null
} 
2024-12-14 23:30:29,219 - INFO - {
    "timestamp": "2024-12-14 23:30:29",
    "status_code": 500,
    "method": "DELETE",
    "url": "http://127.0.0.1:5000/admin/ngo/78",
    "response_data": {
        "data": null,
        "message": "Ngo Id does not exist",
        "status_code": 5000
    },
    "response_headers": {
        "Content-Type": "application/json",
        "Content-Length": "80"
    },
    "user_id": "872ca1b8-3a6b-4530-a86f-7e73cc34f5f2",
    "user_role": null
} 
2024-12-14 23:36:39,854 - INFO - {
    "timestamp": "2024-12-14 23:36:39",
    "method": "DELETE",
    "url": "http://127.0.0.1:5000/admin/ngo/78",
    "remote_addr": "127.0.0.1",
    "headers": {
        "Authorization": "Bearer eyJhbGciOiJIUzI1NiIsInR5cCI6IkpXVCJ9.eyJ1c2VyX2lkIjoiODcyY2ExYjgtM2E2Yi00NTMwLWE4NmYtN2U3M2NjMzRmNWYyIiwiZW1haWwiOiJsb2NhbGV5ZXMyMkBnbWFpbC5jb20iLCJyb2xlIjoiYWRtaW4iLCJleHAiOjE3MzQyMDA2MjJ9.H509kc1pZFQOE07GgSxqY8F4-WO19Kvl700gz_QgGbQ",
        "User-Agent": "PostmanRuntime/7.43.0",
        "Accept": "*/*",
        "Postman-Token": "ebf27e03-ebab-42d7-896e-003c0c4d7e5e",
        "Host": "127.0.0.1:5000",
        "Accept-Encoding": "gzip, deflate, br",
        "Connection": "keep-alive"
    },
    "query_params": {},
    "body": {},
    "user_agent": "PostmanRuntime/7.43.0",
    "user_id": "872ca1b8-3a6b-4530-a86f-7e73cc34f5f2",
    "user_role": null
} 
2024-12-14 23:36:39,856 - INFO - {
    "timestamp": "2024-12-14 23:36:39",
    "status_code": 404,
    "method": "DELETE",
    "url": "http://127.0.0.1:5000/admin/ngo/78",
    "response_data": {
        "data": null,
        "message": "Ngo Id does not exist",
        "status_code": 4004
    },
    "response_headers": {
        "Content-Type": "application/json",
        "Content-Length": "80"
    },
    "user_id": "872ca1b8-3a6b-4530-a86f-7e73cc34f5f2",
    "user_role": null
} 
2024-12-14 23:45:57,683 - INFO - {
    "timestamp": "2024-12-14 23:45:57",
    "method": "POST",
    "url": "http://127.0.0.1:5000/user/signup",
    "remote_addr": "127.0.0.1",
    "headers": {
        "Content-Type": "application/json",
        "User-Agent": "PostmanRuntime/7.43.0",
        "Accept": "*/*",
        "Postman-Token": "1988e860-d3aa-453f-965c-085ca8f47a15",
        "Host": "127.0.0.1:5000",
        "Accept-Encoding": "gzip, deflate, br",
        "Connection": "keep-alive",
        "Content-Length": "168"
    },
    "query_params": {},
    "body": {
        "name": "Alexandro.Dare",
        "address": "paramount,sector-137",
        "phone_no": "9999999999",
        "password": "****",
        "email": "Fatima.Lemke@hotmail.com"
    },
    "user_agent": "PostmanRuntime/7.43.0",
    "user_id": null,
    "user_role": null
} 
2024-12-14 23:46:02,235 - INFO - {
    "timestamp": "2024-12-14 23:46:02",
    "status_code": 201,
    "method": "POST",
    "url": "http://127.0.0.1:5000/user/signup",
    "response_data": {
        "data": null,
        "message": "Success",
        "status_code": 201
    },
    "response_headers": {
        "Content-Type": "application/json",
        "Content-Length": "65"
    },
    "user_id": null,
    "user_role": null
} 
2024-12-14 23:46:02,320 - INFO - {
    "timestamp": "2024-12-14 23:46:02",
    "method": "POST",
    "url": "http://127.0.0.1:5000/user/login",
    "remote_addr": "127.0.0.1",
    "headers": {
        "Content-Type": "application/json",
        "User-Agent": "PostmanRuntime/7.43.0",
        "Accept": "*/*",
        "Postman-Token": "958b3045-e8c9-4143-a25d-17b3e6b36911",
        "Host": "127.0.0.1:5000",
        "Accept-Encoding": "gzip, deflate, br",
        "Connection": "keep-alive",
        "Content-Length": "70"
    },
    "query_params": {},
    "body": {
        "email": "localeyes22@gmail.com",
        "password": "****"
    },
    "user_agent": "PostmanRuntime/7.43.0",
    "user_id": null,
    "user_role": null
} 
2024-12-14 23:46:02,569 - INFO - {
    "timestamp": "2024-12-14 23:46:02",
    "status_code": 200,
    "method": "POST",
    "url": "http://127.0.0.1:5000/user/login",
    "response_data": {
        "data": "eyJhbGciOiJIUzI1NiIsInR5cCI6IkpXVCJ9.eyJ1c2VyX2lkIjoiODcyY2ExYjgtM2E2Yi00NTMwLWE4NmYtN2U3M2NjMzRmNWYyIiwiZW1haWwiOiJsb2NhbGV5ZXMyMkBnbWFpbC5jb20iLCJyb2xlIjoiYWRtaW4iLCJleHAiOjE3MzQyMDM3NjJ9.0n_O_w2OFjThAdqmI01UwAmqebjKgzGpu4ONTovqUYw",
        "message": "Successful login",
        "status_code": 200
    },
    "response_headers": {
        "Content-Type": "application/json",
        "Content-Length": "305"
    },
    "user_id": null,
    "user_role": null
} 
2024-12-14 23:46:02,649 - INFO - {
    "timestamp": "2024-12-14 23:46:02",
    "method": "GET",
    "url": "http://127.0.0.1:5000/user/profile",
    "remote_addr": "127.0.0.1",
    "headers": {
        "Authorization": "Bearer eyJhbGciOiJIUzI1NiIsInR5cCI6IkpXVCJ9.eyJ1c2VyX2lkIjoiODcyY2ExYjgtM2E2Yi00NTMwLWE4NmYtN2U3M2NjMzRmNWYyIiwiZW1haWwiOiJsb2NhbGV5ZXMyMkBnbWFpbC5jb20iLCJyb2xlIjoiYWRtaW4iLCJleHAiOjE3MzQyMDM3NjJ9.0n_O_w2OFjThAdqmI01UwAmqebjKgzGpu4ONTovqUYw",
        "User-Agent": "PostmanRuntime/7.43.0",
        "Accept": "*/*",
        "Postman-Token": "a9026a7b-383e-4abd-9516-54db3ca6b290",
        "Host": "127.0.0.1:5000",
        "Accept-Encoding": "gzip, deflate, br",
        "Connection": "keep-alive"
    },
    "query_params": {},
    "body": {},
    "user_agent": "PostmanRuntime/7.43.0",
    "user_id": "872ca1b8-3a6b-4530-a86f-7e73cc34f5f2",
    "user_role": null
} 
2024-12-14 23:46:02,650 - INFO - {
    "timestamp": "2024-12-14 23:46:02",
    "status_code": 200,
    "method": "GET",
    "url": "http://127.0.0.1:5000/user/profile",
    "response_data": {
        "data": {
            "address": "paramount,sector-137",
            "email": "localeyes22@gmail.com",
            "id": "872ca1b8-3a6b-4530-a86f-7e73cc34f5f2",
            "name": "admin",
            "phone_no": "9999999999",
            "role": "admin"
        },
        "message": "Successfully viewed user profile",
        "status_code": 200
    },
    "response_headers": {
        "Content-Type": "application/json",
        "Content-Length": "289"
    },
    "user_id": "872ca1b8-3a6b-4530-a86f-7e73cc34f5f2",
    "user_role": null
} 
2024-12-14 23:46:02,742 - INFO - {
    "timestamp": "2024-12-14 23:46:02",
    "method": "POST",
    "url": "http://127.0.0.1:5000/admin/ngo",
    "remote_addr": "127.0.0.1",
    "headers": {
        "Content-Type": "application/json",
        "Authorization": "Bearer eyJhbGciOiJIUzI1NiIsInR5cCI6IkpXVCJ9.eyJ1c2VyX2lkIjoiODcyY2ExYjgtM2E2Yi00NTMwLWE4NmYtN2U3M2NjMzRmNWYyIiwiZW1haWwiOiJsb2NhbGV5ZXMyMkBnbWFpbC5jb20iLCJyb2xlIjoiYWRtaW4iLCJleHAiOjE3MzQyMDM3NjJ9.0n_O_w2OFjThAdqmI01UwAmqebjKgzGpu4ONTovqUYw",
        "User-Agent": "PostmanRuntime/7.43.0",
        "Accept": "*/*",
        "Postman-Token": "31d149bb-8aaf-4c44-b5c9-df64b1bbd136",
        "Host": "127.0.0.1:5000",
        "Accept-Encoding": "gzip, deflate, br",
        "Connection": "keep-alive",
        "Content-Length": "187"
    },
    "query_params": {},
    "body": {
        "email": "Sandy53@yahoo.com",
        "phone_no": "590-840-9820",
        "address": "random address",
        "details": "can accept money as well as donatable items",
        "name": "Alena21"
    },
    "user_agent": "PostmanRuntime/7.43.0",
    "user_id": "872ca1b8-3a6b-4530-a86f-7e73cc34f5f2",
    "user_role": null
} 
2024-12-14 23:46:17,755 - INFO - {
    "timestamp": "2024-12-14 23:46:17",
    "status_code": 201,
    "method": "POST",
    "url": "http://127.0.0.1:5000/admin/ngo",
    "response_data": {
        "data": null,
        "message": "Success",
        "status_code": 201
    },
    "response_headers": {
        "Content-Type": "application/json",
        "Content-Length": "65"
    },
    "user_id": "872ca1b8-3a6b-4530-a86f-7e73cc34f5f2",
    "user_role": null
} 
2024-12-14 23:46:17,833 - INFO - {
    "timestamp": "2024-12-14 23:46:17",
    "method": "GET",
    "url": "http://127.0.0.1:5000/user/ngo/all",
    "remote_addr": "127.0.0.1",
    "headers": {
        "Authorization": "Bearer eyJhbGciOiJIUzI1NiIsInR5cCI6IkpXVCJ9.eyJ1c2VyX2lkIjoiODcyY2ExYjgtM2E2Yi00NTMwLWE4NmYtN2U3M2NjMzRmNWYyIiwiZW1haWwiOiJsb2NhbGV5ZXMyMkBnbWFpbC5jb20iLCJyb2xlIjoiYWRtaW4iLCJleHAiOjE3MzQyMDM3NjJ9.0n_O_w2OFjThAdqmI01UwAmqebjKgzGpu4ONTovqUYw",
        "User-Agent": "PostmanRuntime/7.43.0",
        "Accept": "*/*",
        "Postman-Token": "027c06cf-5cc8-437b-b481-21f6b38fd5d4",
        "Host": "127.0.0.1:5000",
        "Accept-Encoding": "gzip, deflate, br",
        "Connection": "keep-alive"
    },
    "query_params": {},
    "body": {},
    "user_agent": "PostmanRuntime/7.43.0",
    "user_id": "872ca1b8-3a6b-4530-a86f-7e73cc34f5f2",
    "user_role": null
} 
2024-12-14 23:46:17,833 - INFO - {
    "timestamp": "2024-12-14 23:46:17",
    "status_code": 200,
    "method": "GET",
    "url": "http://127.0.0.1:5000/user/ngo/all",
    "response_data": {
        "data": [
            {
                "address": "random address",
                "details": "can accept money only",
                "email": "ngo@gmail.com",
                "id": "17d62f81-2631-4124-97df-c73828a88b6f",
                "name": "NGO11",
                "phone_no": "9999999999"
            },
            {
                "address": "random address",
                "details": "can accept money as well as donatable items",
                "email": "ngo1@gmail.com",
                "id": "1baa5007-bdf2-4f92-8e1e-9fd30b9343a5",
                "name": "NGO2",
                "phone_no": "9999999999"
            },
            {
                "address": "random address",
                "details": "can accept money as well as donatable items",
                "email": "Elenor45@hotmail.com",
                "id": "83936f26-bfb7-4d4d-9813-eacd07621435",
                "name": "Linda39",
                "phone_no": "649-853-2013"
            },
            {
                "address": "random address",
                "details": "can accept money as well as donatable items",
                "email": "Sandy53@yahoo.com",
                "id": "f7cb2c90-84ba-4021-b03c-5eb548053cdf",
                "name": "Alena21",
                "phone_no": "590-840-9820"
            }
        ],
        "message": "Successfully retreived list of NGOs",
        "status_code": 200
    },
    "response_headers": {
        "Content-Type": "application/json",
        "Content-Length": "1090"
    },
    "user_id": "872ca1b8-3a6b-4530-a86f-7e73cc34f5f2",
    "user_role": null
} 
2024-12-14 23:46:17,927 - INFO - {
    "timestamp": "2024-12-14 23:46:17",
    "method": "GET",
    "url": "http://127.0.0.1:5000/user/ngo/f7cb2c90-84ba-4021-b03c-5eb548053cdf",
    "remote_addr": "127.0.0.1",
    "headers": {
        "Authorization": "Bearer eyJhbGciOiJIUzI1NiIsInR5cCI6IkpXVCJ9.eyJ1c2VyX2lkIjoiODcyY2ExYjgtM2E2Yi00NTMwLWE4NmYtN2U3M2NjMzRmNWYyIiwiZW1haWwiOiJsb2NhbGV5ZXMyMkBnbWFpbC5jb20iLCJyb2xlIjoiYWRtaW4iLCJleHAiOjE3MzQyMDM3NjJ9.0n_O_w2OFjThAdqmI01UwAmqebjKgzGpu4ONTovqUYw",
        "User-Agent": "PostmanRuntime/7.43.0",
        "Accept": "*/*",
        "Postman-Token": "c180ff26-6cc1-4d7a-860e-e116b04b40a8",
        "Host": "127.0.0.1:5000",
        "Accept-Encoding": "gzip, deflate, br",
        "Connection": "keep-alive"
    },
    "query_params": {},
    "body": {},
    "user_agent": "PostmanRuntime/7.43.0",
    "user_id": "872ca1b8-3a6b-4530-a86f-7e73cc34f5f2",
    "user_role": null
} 
2024-12-14 23:46:17,928 - INFO - {
    "timestamp": "2024-12-14 23:46:17",
    "status_code": 200,
    "method": "GET",
    "url": "http://127.0.0.1:5000/user/ngo/f7cb2c90-84ba-4021-b03c-5eb548053cdf",
    "response_data": {
        "data": {
            "address": "random address",
            "details": "can accept money as well as donatable items",
            "email": "Sandy53@yahoo.com",
            "id": "f7cb2c90-84ba-4021-b03c-5eb548053cdf",
            "name": "Alena21",
            "phone_no": "590-840-9820"
        },
        "message": "Success",
        "status_code": 200
    },
    "response_headers": {
        "Content-Type": "application/json",
        "Content-Length": "299"
    },
    "user_id": "872ca1b8-3a6b-4530-a86f-7e73cc34f5f2",
    "user_role": null
} 
2024-12-14 23:46:17,986 - INFO - {
    "timestamp": "2024-12-14 23:46:17",
    "method": "PUT",
    "url": "http://127.0.0.1:5000/admin/ngo/f7cb2c90-84ba-4021-b03c-5eb548053cdf",
    "remote_addr": "127.0.0.1",
    "headers": {
        "Content-Type": "application/json",
        "Authorization": "Bearer eyJhbGciOiJIUzI1NiIsInR5cCI6IkpXVCJ9.eyJ1c2VyX2lkIjoiODcyY2ExYjgtM2E2Yi00NTMwLWE4NmYtN2U3M2NjMzRmNWYyIiwiZW1haWwiOiJsb2NhbGV5ZXMyMkBnbWFpbC5jb20iLCJyb2xlIjoiYWRtaW4iLCJleHAiOjE3MzQyMDM3NjJ9.0n_O_w2OFjThAdqmI01UwAmqebjKgzGpu4ONTovqUYw",
        "User-Agent": "PostmanRuntime/7.43.0",
        "Accept": "*/*",
        "Postman-Token": "1c5d73c2-77c7-4c0b-88c3-40ebffe590e7",
        "Host": "127.0.0.1:5000",
        "Accept-Encoding": "gzip, deflate, br",
        "Connection": "keep-alive",
        "Content-Length": "173"
    },
    "query_params": {},
    "body": {
        "email": "Nola58@hotmail.com",
        "phone_no": "990-438-8530",
        "address": "random address",
        "details": "can accept money only",
        "name": "Pablo_Senger83"
    },
    "user_agent": "PostmanRuntime/7.43.0",
    "user_id": "872ca1b8-3a6b-4530-a86f-7e73cc34f5f2",
    "user_role": null
} 
2024-12-14 23:46:22,221 - INFO - {
    "timestamp": "2024-12-14 23:46:22",
    "status_code": 200,
    "method": "PUT",
    "url": "http://127.0.0.1:5000/admin/ngo/f7cb2c90-84ba-4021-b03c-5eb548053cdf",
    "response_data": {
        "data": null,
        "message": "Success",
        "status_code": 200
    },
    "response_headers": {
        "Content-Type": "application/json",
        "Content-Length": "65"
    },
    "user_id": "872ca1b8-3a6b-4530-a86f-7e73cc34f5f2",
    "user_role": null
} 
2024-12-14 23:46:22,316 - INFO - {
    "timestamp": "2024-12-14 23:46:22",
    "method": "DELETE",
    "url": "http://127.0.0.1:5000/admin/ngo/78",
    "remote_addr": "127.0.0.1",
    "headers": {
        "Authorization": "Bearer eyJhbGciOiJIUzI1NiIsInR5cCI6IkpXVCJ9.eyJ1c2VyX2lkIjoiODcyY2ExYjgtM2E2Yi00NTMwLWE4NmYtN2U3M2NjMzRmNWYyIiwiZW1haWwiOiJsb2NhbGV5ZXMyMkBnbWFpbC5jb20iLCJyb2xlIjoiYWRtaW4iLCJleHAiOjE3MzQyMDM3NjJ9.0n_O_w2OFjThAdqmI01UwAmqebjKgzGpu4ONTovqUYw",
        "User-Agent": "PostmanRuntime/7.43.0",
        "Accept": "*/*",
        "Postman-Token": "a36f00fd-7e3f-4549-83ce-74f21b94168b",
        "Host": "127.0.0.1:5000",
        "Accept-Encoding": "gzip, deflate, br",
        "Connection": "keep-alive"
    },
    "query_params": {},
    "body": {},
    "user_agent": "PostmanRuntime/7.43.0",
    "user_id": "872ca1b8-3a6b-4530-a86f-7e73cc34f5f2",
    "user_role": null
} 
2024-12-14 23:46:22,316 - INFO - {
    "timestamp": "2024-12-14 23:46:22",
    "status_code": 404,
    "method": "DELETE",
    "url": "http://127.0.0.1:5000/admin/ngo/78",
    "response_data": {
        "data": null,
        "message": "Ngo Id does not exist",
        "status_code": 4004
    },
    "response_headers": {
        "Content-Type": "application/json",
        "Content-Length": "80"
    },
    "user_id": "872ca1b8-3a6b-4530-a86f-7e73cc34f5f2",
    "user_role": null
} 
2024-12-23 09:45:43,143 - INFO - {
    "timestamp": "2024-12-23 09:45:43",
    "method": "POST",
    "url": "http://127.0.0.1:5000/user/login",
    "remote_addr": "127.0.0.1",
    "headers": {
        "Content-Type": "application/json",
        "User-Agent": "PostmanRuntime/7.43.0",
        "Accept": "*/*",
        "Postman-Token": "43994184-1ba2-4f11-8fe7-b8d7aa5256c1",
        "Host": "127.0.0.1:5000",
        "Accept-Encoding": "gzip, deflate, br",
        "Connection": "keep-alive",
        "Content-Length": "8"
    },
    "query_params": {},
    "body": "string",
    "user_agent": "PostmanRuntime/7.43.0",
    "user_id": null,
    "user_role": null
} 
2024-12-23 09:45:43,145 - INFO - {
    "timestamp": "2024-12-23 09:45:43",
    "status_code": 422,
    "method": "POST",
    "url": "http://127.0.0.1:5000/user/login",
    "response_data": {
        "data": null,
        "message": "Missing required fields",
        "status_code": 4001
    },
    "response_headers": {
        "Content-Type": "application/json",
        "Content-Length": "82"
    },
    "user_id": null,
    "user_role": null
} 
2024-12-23 09:45:59,159 - INFO - {
    "timestamp": "2024-12-23 09:45:59",
    "method": "POST",
    "url": "http://127.0.0.1:5000/user/login",
    "remote_addr": "127.0.0.1",
    "headers": {
        "Content-Type": "application/json",
        "User-Agent": "PostmanRuntime/7.43.0",
        "Accept": "*/*",
        "Postman-Token": "8a4429c6-8bf4-4edb-9349-d390d43f2dc8",
        "Host": "127.0.0.1:5000",
        "Accept-Encoding": "gzip, deflate, br",
        "Connection": "keep-alive",
        "Content-Length": "6"
    },
    "query_params": {},
    "body": {},
    "user_agent": "PostmanRuntime/7.43.0",
    "user_id": null,
    "user_role": null
} 
2024-12-23 09:45:59,159 - INFO - {
    "timestamp": "2024-12-23 09:45:59",
    "status_code": 400,
    "method": "POST",
    "url": "http://127.0.0.1:5000/user/login",
    "response_data": {
        "data": null,
        "message": "Invalid request body format",
        "status_code": 4002
    },
    "response_headers": {
        "Content-Type": "application/json",
        "Content-Length": "86"
    },
    "user_id": null,
    "user_role": null
} 
2024-12-25 19:57:05,100 - INFO - {
    "timestamp": "2024-12-25 19:57:05",
    "method": "GET",
    "url": "http://127.0.0.1:5000/",
    "remote_addr": "127.0.0.1",
    "headers": {
        "host": "127.0.0.1:5000",
        "connection": "keep-alive",
        "sec-ch-ua": "\"Microsoft Edge\";v=\"131\", \"Chromium\";v=\"131\", \"Not_A Brand\";v=\"24\"",
        "sec-ch-ua-mobile": "?0",
        "sec-ch-ua-platform": "\"Windows\"",
        "upgrade-insecure-requests": "1",
        "user-agent": "Mozilla/5.0 (Windows NT 10.0; Win64; x64) AppleWebKit/537.36 (KHTML, like Gecko) Chrome/131.0.0.0 Safari/537.36 Edg/131.0.0.0",
        "accept": "text/html,application/xhtml+xml,application/xml;q=0.9,image/avif,image/webp,image/apng,*/*;q=0.8,application/signed-exchange;v=b3;q=0.7",
        "sec-fetch-site": "none",
        "sec-fetch-mode": "navigate",
        "sec-fetch-user": "?1",
        "sec-fetch-dest": "document",
        "accept-encoding": "gzip, deflate, br, zstd",
        "accept-language": "en-US,en;q=0.9"
    },
    "query_params": {},
    "body": {},
    "user_agent": "Mozilla/5.0 (Windows NT 10.0; Win64; x64) AppleWebKit/537.36 (KHTML, like Gecko) Chrome/131.0.0.0 Safari/537.36 Edg/131.0.0.0",
    "user_id": "",
    "user_role": ""
} 
2024-12-25 19:57:05,240 - INFO - {
    "timestamp": "2024-12-25 19:57:05",
    "method": "GET",
    "url": "http://127.0.0.1:5000/favicon.ico",
    "remote_addr": "127.0.0.1",
    "headers": {
        "host": "127.0.0.1:5000",
        "connection": "keep-alive",
        "sec-ch-ua-platform": "\"Windows\"",
        "user-agent": "Mozilla/5.0 (Windows NT 10.0; Win64; x64) AppleWebKit/537.36 (KHTML, like Gecko) Chrome/131.0.0.0 Safari/537.36 Edg/131.0.0.0",
        "sec-ch-ua": "\"Microsoft Edge\";v=\"131\", \"Chromium\";v=\"131\", \"Not_A Brand\";v=\"24\"",
        "sec-ch-ua-mobile": "?0",
        "accept": "image/avif,image/webp,image/apng,image/svg+xml,image/*,*/*;q=0.8",
        "sec-fetch-site": "same-origin",
        "sec-fetch-mode": "no-cors",
        "sec-fetch-dest": "image",
        "referer": "http://127.0.0.1:5000/",
        "accept-encoding": "gzip, deflate, br, zstd",
        "accept-language": "en-US,en;q=0.9"
    },
    "query_params": {},
    "body": {},
    "user_agent": "Mozilla/5.0 (Windows NT 10.0; Win64; x64) AppleWebKit/537.36 (KHTML, like Gecko) Chrome/131.0.0.0 Safari/537.36 Edg/131.0.0.0",
    "user_id": "",
    "user_role": ""
} 
2024-12-25 19:57:28,344 - INFO - {
    "timestamp": "2024-12-25 19:57:28",
    "method": "GET",
    "url": "http://127.0.0.1:5000/",
    "remote_addr": "127.0.0.1",
    "headers": {
        "host": "127.0.0.1:5000",
        "connection": "keep-alive",
        "sec-ch-ua": "\"Microsoft Edge\";v=\"131\", \"Chromium\";v=\"131\", \"Not_A Brand\";v=\"24\"",
        "sec-ch-ua-mobile": "?0",
        "sec-ch-ua-platform": "\"Windows\"",
        "upgrade-insecure-requests": "1",
        "user-agent": "Mozilla/5.0 (Windows NT 10.0; Win64; x64) AppleWebKit/537.36 (KHTML, like Gecko) Chrome/131.0.0.0 Safari/537.36 Edg/131.0.0.0",
        "accept": "text/html,application/xhtml+xml,application/xml;q=0.9,image/avif,image/webp,image/apng,*/*;q=0.8,application/signed-exchange;v=b3;q=0.7",
        "sec-fetch-site": "none",
        "sec-fetch-mode": "navigate",
        "sec-fetch-user": "?1",
        "sec-fetch-dest": "document",
        "accept-encoding": "gzip, deflate, br, zstd",
        "accept-language": "en-US,en;q=0.9"
    },
    "query_params": {},
    "body": {},
    "user_agent": "Mozilla/5.0 (Windows NT 10.0; Win64; x64) AppleWebKit/537.36 (KHTML, like Gecko) Chrome/131.0.0.0 Safari/537.36 Edg/131.0.0.0",
    "user_id": "",
    "user_role": ""
} 
2024-12-25 19:57:28,477 - INFO - {
    "timestamp": "2024-12-25 19:57:28",
    "method": "GET",
    "url": "http://127.0.0.1:5000/favicon.ico",
    "remote_addr": "127.0.0.1",
    "headers": {
        "host": "127.0.0.1:5000",
        "connection": "keep-alive",
        "sec-ch-ua-platform": "\"Windows\"",
        "user-agent": "Mozilla/5.0 (Windows NT 10.0; Win64; x64) AppleWebKit/537.36 (KHTML, like Gecko) Chrome/131.0.0.0 Safari/537.36 Edg/131.0.0.0",
        "sec-ch-ua": "\"Microsoft Edge\";v=\"131\", \"Chromium\";v=\"131\", \"Not_A Brand\";v=\"24\"",
        "sec-ch-ua-mobile": "?0",
        "accept": "image/avif,image/webp,image/apng,image/svg+xml,image/*,*/*;q=0.8",
        "sec-fetch-site": "same-origin",
        "sec-fetch-mode": "no-cors",
        "sec-fetch-dest": "image",
        "referer": "http://127.0.0.1:5000/",
        "accept-encoding": "gzip, deflate, br, zstd",
        "accept-language": "en-US,en;q=0.9"
    },
    "query_params": {},
    "body": {},
    "user_agent": "Mozilla/5.0 (Windows NT 10.0; Win64; x64) AppleWebKit/537.36 (KHTML, like Gecko) Chrome/131.0.0.0 Safari/537.36 Edg/131.0.0.0",
    "user_id": "",
    "user_role": ""
} 
2024-12-25 20:00:10,892 - INFO - {
    "timestamp": "2024-12-25 20:00:10",
    "method": "GET",
    "url": "http://127.0.0.1:5000/",
    "remote_addr": "127.0.0.1",
    "headers": {
        "host": "127.0.0.1:5000",
        "connection": "keep-alive",
        "cache-control": "max-age=0",
        "sec-ch-ua": "\"Microsoft Edge\";v=\"131\", \"Chromium\";v=\"131\", \"Not_A Brand\";v=\"24\"",
        "sec-ch-ua-mobile": "?0",
        "sec-ch-ua-platform": "\"Windows\"",
        "upgrade-insecure-requests": "1",
        "user-agent": "Mozilla/5.0 (Windows NT 10.0; Win64; x64) AppleWebKit/537.36 (KHTML, like Gecko) Chrome/131.0.0.0 Safari/537.36 Edg/131.0.0.0",
        "accept": "text/html,application/xhtml+xml,application/xml;q=0.9,image/avif,image/webp,image/apng,*/*;q=0.8,application/signed-exchange;v=b3;q=0.7",
        "sec-fetch-site": "none",
        "sec-fetch-mode": "navigate",
        "sec-fetch-user": "?1",
        "sec-fetch-dest": "document",
        "accept-encoding": "gzip, deflate, br, zstd",
        "accept-language": "en-US,en;q=0.9"
    },
    "query_params": {},
    "body": {},
    "user_agent": "Mozilla/5.0 (Windows NT 10.0; Win64; x64) AppleWebKit/537.36 (KHTML, like Gecko) Chrome/131.0.0.0 Safari/537.36 Edg/131.0.0.0",
    "user_id": "",
    "user_role": ""
} 
2024-12-25 20:00:10,960 - INFO - {
    "timestamp": "2024-12-25 20:00:10",
    "method": "GET",
    "url": "http://127.0.0.1:5000/favicon.ico",
    "remote_addr": "127.0.0.1",
    "headers": {
        "host": "127.0.0.1:5000",
        "connection": "keep-alive",
        "sec-ch-ua-platform": "\"Windows\"",
        "user-agent": "Mozilla/5.0 (Windows NT 10.0; Win64; x64) AppleWebKit/537.36 (KHTML, like Gecko) Chrome/131.0.0.0 Safari/537.36 Edg/131.0.0.0",
        "sec-ch-ua": "\"Microsoft Edge\";v=\"131\", \"Chromium\";v=\"131\", \"Not_A Brand\";v=\"24\"",
        "sec-ch-ua-mobile": "?0",
        "accept": "image/avif,image/webp,image/apng,image/svg+xml,image/*,*/*;q=0.8",
        "sec-fetch-site": "same-origin",
        "sec-fetch-mode": "no-cors",
        "sec-fetch-dest": "image",
        "referer": "http://127.0.0.1:5000/",
        "accept-encoding": "gzip, deflate, br, zstd",
        "accept-language": "en-US,en;q=0.9"
    },
    "query_params": {},
    "body": {},
    "user_agent": "Mozilla/5.0 (Windows NT 10.0; Win64; x64) AppleWebKit/537.36 (KHTML, like Gecko) Chrome/131.0.0.0 Safari/537.36 Edg/131.0.0.0",
    "user_id": "",
    "user_role": ""
} 
2024-12-25 20:02:18,415 - INFO - {
    "timestamp": "2024-12-25 20:02:18",
    "method": "GET",
    "url": "http://127.0.0.1:5000/",
    "remote_addr": "127.0.0.1",
    "headers": {
        "host": "127.0.0.1:5000",
        "connection": "keep-alive",
        "sec-ch-ua": "\"Microsoft Edge\";v=\"131\", \"Chromium\";v=\"131\", \"Not_A Brand\";v=\"24\"",
        "sec-ch-ua-mobile": "?0",
        "sec-ch-ua-platform": "\"Windows\"",
        "upgrade-insecure-requests": "1",
        "user-agent": "Mozilla/5.0 (Windows NT 10.0; Win64; x64) AppleWebKit/537.36 (KHTML, like Gecko) Chrome/131.0.0.0 Safari/537.36 Edg/131.0.0.0",
        "accept": "text/html,application/xhtml+xml,application/xml;q=0.9,image/avif,image/webp,image/apng,*/*;q=0.8,application/signed-exchange;v=b3;q=0.7",
        "sec-fetch-site": "none",
        "sec-fetch-mode": "navigate",
        "sec-fetch-user": "?1",
        "sec-fetch-dest": "document",
        "accept-encoding": "gzip, deflate, br, zstd",
        "accept-language": "en-US,en;q=0.9"
    },
    "query_params": {},
    "body": {},
    "user_agent": "Mozilla/5.0 (Windows NT 10.0; Win64; x64) AppleWebKit/537.36 (KHTML, like Gecko) Chrome/131.0.0.0 Safari/537.36 Edg/131.0.0.0",
    "user_id": "",
    "user_role": ""
} 
2024-12-25 20:02:18,561 - INFO - {
    "timestamp": "2024-12-25 20:02:18",
    "method": "GET",
    "url": "http://127.0.0.1:5000/favicon.ico",
    "remote_addr": "127.0.0.1",
    "headers": {
        "host": "127.0.0.1:5000",
        "connection": "keep-alive",
        "sec-ch-ua-platform": "\"Windows\"",
        "user-agent": "Mozilla/5.0 (Windows NT 10.0; Win64; x64) AppleWebKit/537.36 (KHTML, like Gecko) Chrome/131.0.0.0 Safari/537.36 Edg/131.0.0.0",
        "sec-ch-ua": "\"Microsoft Edge\";v=\"131\", \"Chromium\";v=\"131\", \"Not_A Brand\";v=\"24\"",
        "sec-ch-ua-mobile": "?0",
        "accept": "image/avif,image/webp,image/apng,image/svg+xml,image/*,*/*;q=0.8",
        "sec-fetch-site": "same-origin",
        "sec-fetch-mode": "no-cors",
        "sec-fetch-dest": "image",
        "referer": "http://127.0.0.1:5000/",
        "accept-encoding": "gzip, deflate, br, zstd",
        "accept-language": "en-US,en;q=0.9"
    },
    "query_params": {},
    "body": {},
    "user_agent": "Mozilla/5.0 (Windows NT 10.0; Win64; x64) AppleWebKit/537.36 (KHTML, like Gecko) Chrome/131.0.0.0 Safari/537.36 Edg/131.0.0.0",
    "user_id": "",
    "user_role": ""
} 
2024-12-25 20:06:05,426 - INFO - {
    "timestamp": "2024-12-25 20:06:05",
    "method": "GET",
    "url": "http://127.0.0.1:5000/",
    "remote_addr": "127.0.0.1",
    "headers": {
        "host": "127.0.0.1:5000",
        "connection": "keep-alive",
        "sec-ch-ua": "\"Microsoft Edge\";v=\"131\", \"Chromium\";v=\"131\", \"Not_A Brand\";v=\"24\"",
        "sec-ch-ua-mobile": "?0",
        "sec-ch-ua-platform": "\"Windows\"",
        "upgrade-insecure-requests": "1",
        "user-agent": "Mozilla/5.0 (Windows NT 10.0; Win64; x64) AppleWebKit/537.36 (KHTML, like Gecko) Chrome/131.0.0.0 Safari/537.36 Edg/131.0.0.0",
        "accept": "text/html,application/xhtml+xml,application/xml;q=0.9,image/avif,image/webp,image/apng,*/*;q=0.8,application/signed-exchange;v=b3;q=0.7",
        "sec-fetch-site": "none",
        "sec-fetch-mode": "navigate",
        "sec-fetch-user": "?1",
        "sec-fetch-dest": "document",
        "accept-encoding": "gzip, deflate, br, zstd",
        "accept-language": "en-US,en;q=0.9"
    },
    "query_params": {},
    "body": {},
    "user_agent": "Mozilla/5.0 (Windows NT 10.0; Win64; x64) AppleWebKit/537.36 (KHTML, like Gecko) Chrome/131.0.0.0 Safari/537.36 Edg/131.0.0.0",
    "user_id": "",
    "user_role": ""
} 
2024-12-25 20:06:05,428 - INFO - {
    "timestamp": "2024-12-25 20:06:05",
    "status_code": 404,
    "method": "GET",
    "url": "http://127.0.0.1:5000/",
    "response_data": {},
    "response_headers": {
        "content-length": "22",
        "content-type": "application/json"
    },
    "user_id": "",
    "user_role": ""
} 
2024-12-25 20:06:14,373 - INFO - {
    "timestamp": "2024-12-25 20:06:14",
    "method": "GET",
    "url": "http://127.0.0.1:5000/docs",
    "remote_addr": "127.0.0.1",
    "headers": {
        "host": "127.0.0.1:5000",
        "connection": "keep-alive",
        "sec-ch-ua": "\"Microsoft Edge\";v=\"131\", \"Chromium\";v=\"131\", \"Not_A Brand\";v=\"24\"",
        "sec-ch-ua-mobile": "?0",
        "sec-ch-ua-platform": "\"Windows\"",
        "upgrade-insecure-requests": "1",
        "user-agent": "Mozilla/5.0 (Windows NT 10.0; Win64; x64) AppleWebKit/537.36 (KHTML, like Gecko) Chrome/131.0.0.0 Safari/537.36 Edg/131.0.0.0",
        "accept": "text/html,application/xhtml+xml,application/xml;q=0.9,image/avif,image/webp,image/apng,*/*;q=0.8,application/signed-exchange;v=b3;q=0.7",
        "sec-fetch-site": "none",
        "sec-fetch-mode": "navigate",
        "sec-fetch-user": "?1",
        "sec-fetch-dest": "document",
        "accept-encoding": "gzip, deflate, br, zstd",
        "accept-language": "en-US,en;q=0.9"
    },
    "query_params": {},
    "body": {},
    "user_agent": "Mozilla/5.0 (Windows NT 10.0; Win64; x64) AppleWebKit/537.36 (KHTML, like Gecko) Chrome/131.0.0.0 Safari/537.36 Edg/131.0.0.0",
    "user_id": "",
    "user_role": ""
} 
2024-12-25 20:06:14,595 - INFO - {
    "timestamp": "2024-12-25 20:06:14",
    "method": "GET",
    "url": "http://127.0.0.1:5000/favicon.ico",
    "remote_addr": "127.0.0.1",
    "headers": {
        "host": "127.0.0.1:5000",
        "connection": "keep-alive",
        "sec-ch-ua-platform": "\"Windows\"",
        "user-agent": "Mozilla/5.0 (Windows NT 10.0; Win64; x64) AppleWebKit/537.36 (KHTML, like Gecko) Chrome/131.0.0.0 Safari/537.36 Edg/131.0.0.0",
        "sec-ch-ua": "\"Microsoft Edge\";v=\"131\", \"Chromium\";v=\"131\", \"Not_A Brand\";v=\"24\"",
        "sec-ch-ua-mobile": "?0",
        "accept": "image/avif,image/webp,image/apng,image/svg+xml,image/*,*/*;q=0.8",
        "sec-fetch-site": "same-origin",
        "sec-fetch-mode": "no-cors",
        "sec-fetch-dest": "image",
        "referer": "http://127.0.0.1:5000/docs",
        "accept-encoding": "gzip, deflate, br, zstd",
        "accept-language": "en-US,en;q=0.9"
    },
    "query_params": {},
    "body": {},
    "user_agent": "Mozilla/5.0 (Windows NT 10.0; Win64; x64) AppleWebKit/537.36 (KHTML, like Gecko) Chrome/131.0.0.0 Safari/537.36 Edg/131.0.0.0",
    "user_id": "",
    "user_role": ""
} 
2024-12-25 20:06:18,250 - INFO - {
    "timestamp": "2024-12-25 20:06:18",
    "method": "GET",
    "url": "http://127.0.0.1:5000/doc",
    "remote_addr": "127.0.0.1",
    "headers": {
        "host": "127.0.0.1:5000",
        "connection": "keep-alive",
        "sec-ch-ua": "\"Microsoft Edge\";v=\"131\", \"Chromium\";v=\"131\", \"Not_A Brand\";v=\"24\"",
        "sec-ch-ua-mobile": "?0",
        "sec-ch-ua-platform": "\"Windows\"",
        "upgrade-insecure-requests": "1",
        "user-agent": "Mozilla/5.0 (Windows NT 10.0; Win64; x64) AppleWebKit/537.36 (KHTML, like Gecko) Chrome/131.0.0.0 Safari/537.36 Edg/131.0.0.0",
        "accept": "text/html,application/xhtml+xml,application/xml;q=0.9,image/avif,image/webp,image/apng,*/*;q=0.8,application/signed-exchange;v=b3;q=0.7",
        "sec-fetch-site": "none",
        "sec-fetch-mode": "navigate",
        "sec-fetch-user": "?1",
        "sec-fetch-dest": "document",
        "accept-encoding": "gzip, deflate, br, zstd",
        "accept-language": "en-US,en;q=0.9"
    },
    "query_params": {},
    "body": {},
    "user_agent": "Mozilla/5.0 (Windows NT 10.0; Win64; x64) AppleWebKit/537.36 (KHTML, like Gecko) Chrome/131.0.0.0 Safari/537.36 Edg/131.0.0.0",
    "user_id": "",
    "user_role": ""
} 
2024-12-25 20:06:18,330 - INFO - {
    "timestamp": "2024-12-25 20:06:18",
    "method": "GET",
    "url": "http://127.0.0.1:5000/favicon.ico",
    "remote_addr": "127.0.0.1",
    "headers": {
        "host": "127.0.0.1:5000",
        "connection": "keep-alive",
        "sec-ch-ua-platform": "\"Windows\"",
        "user-agent": "Mozilla/5.0 (Windows NT 10.0; Win64; x64) AppleWebKit/537.36 (KHTML, like Gecko) Chrome/131.0.0.0 Safari/537.36 Edg/131.0.0.0",
        "sec-ch-ua": "\"Microsoft Edge\";v=\"131\", \"Chromium\";v=\"131\", \"Not_A Brand\";v=\"24\"",
        "sec-ch-ua-mobile": "?0",
        "accept": "image/avif,image/webp,image/apng,image/svg+xml,image/*,*/*;q=0.8",
        "sec-fetch-site": "same-origin",
        "sec-fetch-mode": "no-cors",
        "sec-fetch-dest": "image",
        "referer": "http://127.0.0.1:5000/doc",
        "accept-encoding": "gzip, deflate, br, zstd",
        "accept-language": "en-US,en;q=0.9"
    },
    "query_params": {},
    "body": {},
    "user_agent": "Mozilla/5.0 (Windows NT 10.0; Win64; x64) AppleWebKit/537.36 (KHTML, like Gecko) Chrome/131.0.0.0 Safari/537.36 Edg/131.0.0.0",
    "user_id": "",
    "user_role": ""
} 
2024-12-25 20:07:02,008 - INFO - {
    "timestamp": "2024-12-25 20:07:02",
    "method": "GET",
    "url": "http://127.0.0.1:5000/",
    "remote_addr": "127.0.0.1",
    "headers": {
        "host": "127.0.0.1:5000",
        "connection": "keep-alive",
        "sec-ch-ua": "\"Microsoft Edge\";v=\"131\", \"Chromium\";v=\"131\", \"Not_A Brand\";v=\"24\"",
        "sec-ch-ua-mobile": "?0",
        "sec-ch-ua-platform": "\"Windows\"",
        "upgrade-insecure-requests": "1",
        "user-agent": "Mozilla/5.0 (Windows NT 10.0; Win64; x64) AppleWebKit/537.36 (KHTML, like Gecko) Chrome/131.0.0.0 Safari/537.36 Edg/131.0.0.0",
        "accept": "text/html,application/xhtml+xml,application/xml;q=0.9,image/avif,image/webp,image/apng,*/*;q=0.8,application/signed-exchange;v=b3;q=0.7",
        "sec-fetch-site": "none",
        "sec-fetch-mode": "navigate",
        "sec-fetch-user": "?1",
        "sec-fetch-dest": "document",
        "accept-encoding": "gzip, deflate, br, zstd",
        "accept-language": "en-US,en;q=0.9"
    },
    "query_params": {},
    "body": {},
    "user_agent": "Mozilla/5.0 (Windows NT 10.0; Win64; x64) AppleWebKit/537.36 (KHTML, like Gecko) Chrome/131.0.0.0 Safari/537.36 Edg/131.0.0.0",
    "user_id": "",
    "user_role": ""
} 
2024-12-25 20:07:02,009 - INFO - {
    "timestamp": "2024-12-25 20:07:02",
    "status_code": 404,
    "method": "GET",
    "url": "http://127.0.0.1:5000/",
    "response_data": {},
    "response_headers": {
        "content-length": "22",
        "content-type": "application/json"
    },
    "user_id": "",
    "user_role": ""
} 
2024-12-25 20:07:20,059 - INFO - {
    "timestamp": "2024-12-25 20:07:20",
    "method": "GET",
    "url": "http://127.0.0.1:5000/docs",
    "remote_addr": "127.0.0.1",
    "headers": {
        "host": "127.0.0.1:5000",
        "connection": "keep-alive",
        "sec-ch-ua": "\"Microsoft Edge\";v=\"131\", \"Chromium\";v=\"131\", \"Not_A Brand\";v=\"24\"",
        "sec-ch-ua-mobile": "?0",
        "sec-ch-ua-platform": "\"Windows\"",
        "upgrade-insecure-requests": "1",
        "user-agent": "Mozilla/5.0 (Windows NT 10.0; Win64; x64) AppleWebKit/537.36 (KHTML, like Gecko) Chrome/131.0.0.0 Safari/537.36 Edg/131.0.0.0",
        "accept": "text/html,application/xhtml+xml,application/xml;q=0.9,image/avif,image/webp,image/apng,*/*;q=0.8,application/signed-exchange;v=b3;q=0.7",
        "sec-fetch-site": "none",
        "sec-fetch-mode": "navigate",
        "sec-fetch-user": "?1",
        "sec-fetch-dest": "document",
        "accept-encoding": "gzip, deflate, br, zstd",
        "accept-language": "en-US,en;q=0.9"
    },
    "query_params": {},
    "body": {},
    "user_agent": "Mozilla/5.0 (Windows NT 10.0; Win64; x64) AppleWebKit/537.36 (KHTML, like Gecko) Chrome/131.0.0.0 Safari/537.36 Edg/131.0.0.0",
    "user_id": "",
    "user_role": ""
} 
2024-12-25 20:07:20,060 - INFO - {
    "timestamp": "2024-12-25 20:07:20",
    "status_code": 200,
    "method": "GET",
    "url": "http://127.0.0.1:5000/docs",
    "response_data": {},
    "response_headers": {
        "content-length": "938",
        "content-type": "text/html; charset=utf-8"
    },
    "user_id": "",
    "user_role": ""
} 
2024-12-25 20:07:22,763 - INFO - {
    "timestamp": "2024-12-25 20:07:22",
    "method": "GET",
    "url": "http://127.0.0.1:5000/openapi.json",
    "remote_addr": "127.0.0.1",
    "headers": {
        "host": "127.0.0.1:5000",
        "connection": "keep-alive",
        "sec-ch-ua-platform": "\"Windows\"",
        "user-agent": "Mozilla/5.0 (Windows NT 10.0; Win64; x64) AppleWebKit/537.36 (KHTML, like Gecko) Chrome/131.0.0.0 Safari/537.36 Edg/131.0.0.0",
        "accept": "application/json,*/*",
        "sec-ch-ua": "\"Microsoft Edge\";v=\"131\", \"Chromium\";v=\"131\", \"Not_A Brand\";v=\"24\"",
        "sec-ch-ua-mobile": "?0",
        "sec-fetch-site": "same-origin",
        "sec-fetch-mode": "cors",
        "sec-fetch-dest": "empty",
        "referer": "http://127.0.0.1:5000/docs",
        "accept-encoding": "gzip, deflate, br, zstd",
        "accept-language": "en-US,en;q=0.9"
    },
    "query_params": {},
    "body": {},
    "user_agent": "Mozilla/5.0 (Windows NT 10.0; Win64; x64) AppleWebKit/537.36 (KHTML, like Gecko) Chrome/131.0.0.0 Safari/537.36 Edg/131.0.0.0",
    "user_id": "",
    "user_role": ""
} 
2024-12-25 20:10:56,820 - INFO - {
    "timestamp": "2024-12-25 20:10:56",
    "method": "GET",
    "url": "http://127.0.0.1:5000/",
    "remote_addr": "127.0.0.1",
    "headers": {
        "host": "127.0.0.1:5000",
        "connection": "keep-alive",
        "sec-ch-ua": "\"Microsoft Edge\";v=\"131\", \"Chromium\";v=\"131\", \"Not_A Brand\";v=\"24\"",
        "sec-ch-ua-mobile": "?0",
        "sec-ch-ua-platform": "\"Windows\"",
        "upgrade-insecure-requests": "1",
        "user-agent": "Mozilla/5.0 (Windows NT 10.0; Win64; x64) AppleWebKit/537.36 (KHTML, like Gecko) Chrome/131.0.0.0 Safari/537.36 Edg/131.0.0.0",
        "accept": "text/html,application/xhtml+xml,application/xml;q=0.9,image/avif,image/webp,image/apng,*/*;q=0.8,application/signed-exchange;v=b3;q=0.7",
        "sec-fetch-site": "none",
        "sec-fetch-mode": "navigate",
        "sec-fetch-user": "?1",
        "sec-fetch-dest": "document",
        "accept-encoding": "gzip, deflate, br, zstd",
        "accept-language": "en-US,en;q=0.9"
    },
    "query_params": {},
    "body": {},
    "user_agent": "Mozilla/5.0 (Windows NT 10.0; Win64; x64) AppleWebKit/537.36 (KHTML, like Gecko) Chrome/131.0.0.0 Safari/537.36 Edg/131.0.0.0",
    "user_id": "",
    "user_role": ""
} 
2024-12-25 20:10:56,822 - INFO - {
    "timestamp": "2024-12-25 20:10:56",
    "status_code": 404,
    "method": "GET",
    "url": "http://127.0.0.1:5000/",
    "response_data": {},
    "response_headers": {
        "content-length": "22",
        "content-type": "application/json"
    },
    "user_id": "",
    "user_role": ""
} 
2024-12-25 20:11:05,004 - INFO - {
    "timestamp": "2024-12-25 20:11:05",
    "method": "GET",
    "url": "http://127.0.0.1:5000/docs",
    "remote_addr": "127.0.0.1",
    "headers": {
        "host": "127.0.0.1:5000",
        "connection": "keep-alive",
        "sec-ch-ua": "\"Microsoft Edge\";v=\"131\", \"Chromium\";v=\"131\", \"Not_A Brand\";v=\"24\"",
        "sec-ch-ua-mobile": "?0",
        "sec-ch-ua-platform": "\"Windows\"",
        "upgrade-insecure-requests": "1",
        "user-agent": "Mozilla/5.0 (Windows NT 10.0; Win64; x64) AppleWebKit/537.36 (KHTML, like Gecko) Chrome/131.0.0.0 Safari/537.36 Edg/131.0.0.0",
        "accept": "text/html,application/xhtml+xml,application/xml;q=0.9,image/avif,image/webp,image/apng,*/*;q=0.8,application/signed-exchange;v=b3;q=0.7",
        "sec-fetch-site": "none",
        "sec-fetch-mode": "navigate",
        "sec-fetch-user": "?1",
        "sec-fetch-dest": "document",
        "accept-encoding": "gzip, deflate, br, zstd",
        "accept-language": "en-US,en;q=0.9"
    },
    "query_params": {},
    "body": {},
    "user_agent": "Mozilla/5.0 (Windows NT 10.0; Win64; x64) AppleWebKit/537.36 (KHTML, like Gecko) Chrome/131.0.0.0 Safari/537.36 Edg/131.0.0.0",
    "user_id": "",
    "user_role": ""
} 
2024-12-25 20:11:05,006 - INFO - {
    "timestamp": "2024-12-25 20:11:05",
    "status_code": 200,
    "method": "GET",
    "url": "http://127.0.0.1:5000/docs",
    "response_data": {},
    "response_headers": {
        "content-length": "938",
        "content-type": "text/html; charset=utf-8"
    },
    "user_id": "",
    "user_role": ""
} 
2024-12-25 20:11:05,193 - INFO - {
    "timestamp": "2024-12-25 20:11:05",
    "method": "GET",
    "url": "http://127.0.0.1:5000/openapi.json",
    "remote_addr": "127.0.0.1",
    "headers": {
        "host": "127.0.0.1:5000",
        "connection": "keep-alive",
        "sec-ch-ua-platform": "\"Windows\"",
        "user-agent": "Mozilla/5.0 (Windows NT 10.0; Win64; x64) AppleWebKit/537.36 (KHTML, like Gecko) Chrome/131.0.0.0 Safari/537.36 Edg/131.0.0.0",
        "accept": "application/json,*/*",
        "sec-ch-ua": "\"Microsoft Edge\";v=\"131\", \"Chromium\";v=\"131\", \"Not_A Brand\";v=\"24\"",
        "sec-ch-ua-mobile": "?0",
        "sec-fetch-site": "same-origin",
        "sec-fetch-mode": "cors",
        "sec-fetch-dest": "empty",
        "referer": "http://127.0.0.1:5000/docs",
        "accept-encoding": "gzip, deflate, br, zstd",
        "accept-language": "en-US,en;q=0.9"
    },
    "query_params": {},
    "body": {},
    "user_agent": "Mozilla/5.0 (Windows NT 10.0; Win64; x64) AppleWebKit/537.36 (KHTML, like Gecko) Chrome/131.0.0.0 Safari/537.36 Edg/131.0.0.0",
    "user_id": "",
    "user_role": ""
} 
2024-12-25 20:11:05,201 - INFO - {
    "timestamp": "2024-12-25 20:11:05",
    "status_code": 200,
    "method": "GET",
    "url": "http://127.0.0.1:5000/openapi.json",
    "response_data": {},
    "response_headers": {
        "content-length": "5040",
        "content-type": "application/json"
    },
    "user_id": "",
    "user_role": ""
} 
2024-12-25 20:12:58,608 - INFO - {
    "timestamp": "2024-12-25 20:12:58",
    "method": "POST",
    "url": "http://127.0.0.1:5000/signup",
    "remote_addr": "127.0.0.1",
    "headers": {
        "host": "127.0.0.1:5000",
        "connection": "keep-alive",
        "content-length": "139",
        "sec-ch-ua-platform": "\"Windows\"",
        "user-agent": "Mozilla/5.0 (Windows NT 10.0; Win64; x64) AppleWebKit/537.36 (KHTML, like Gecko) Chrome/131.0.0.0 Safari/537.36 Edg/131.0.0.0",
        "accept": "application/json",
        "sec-ch-ua": "\"Microsoft Edge\";v=\"131\", \"Chromium\";v=\"131\", \"Not_A Brand\";v=\"24\"",
        "content-type": "application/json",
        "sec-ch-ua-mobile": "?0",
        "origin": "http://127.0.0.1:5000",
        "sec-fetch-site": "same-origin",
        "sec-fetch-mode": "cors",
        "sec-fetch-dest": "empty",
        "referer": "http://127.0.0.1:5000/docs",
        "accept-encoding": "gzip, deflate, br, zstd",
        "accept-language": "en-US,en;q=0.9"
    },
    "query_params": {},
    "body": {
        "address": "Ward no 12",
        "email": "johngmail.com",
        "name": "John Doe",
        "password": "****",
        "phone_no": "9999999999"
    },
    "user_agent": "Mozilla/5.0 (Windows NT 10.0; Win64; x64) AppleWebKit/537.36 (KHTML, like Gecko) Chrome/131.0.0.0 Safari/537.36 Edg/131.0.0.0",
    "user_id": "",
    "user_role": ""
} 
2024-12-25 20:14:51,541 - INFO - {
    "timestamp": "2024-12-25 20:14:51",
    "method": "POST",
    "url": "http://127.0.0.1:5000/user/signup",
    "remote_addr": "127.0.0.1",
    "headers": {
        "content-type": "application/json",
        "user-agent": "PostmanRuntime/7.43.0",
        "accept": "*/*",
        "postman-token": "041426bd-a2e1-4f04-8663-aa7742594646",
        "host": "127.0.0.1:5000",
        "accept-encoding": "gzip, deflate, br",
        "connection": "keep-alive",
        "content-length": "169"
    },
    "query_params": {},
    "body": {
        "name": "Anissa_Conroy",
        "address": "paramount,sector-137",
        "phone_no": "99999999",
        "password": "****",
        "email": "Stanton_Luettgen65@yahoo.com"
    },
    "user_agent": "PostmanRuntime/7.43.0",
    "user_id": "",
    "user_role": ""
} 
2024-12-25 20:14:51,542 - INFO - {
    "timestamp": "2024-12-25 20:14:51",
    "status_code": 404,
    "method": "POST",
    "url": "http://127.0.0.1:5000/user/signup",
    "response_data": {},
    "response_headers": {
        "content-length": "22",
        "content-type": "application/json"
    },
    "user_id": "",
    "user_role": ""
} 
2024-12-25 20:16:05,641 - INFO - {
    "timestamp": "2024-12-25 20:16:05",
    "method": "POST",
    "url": "http://127.0.0.1:5000/signup",
    "remote_addr": "127.0.0.1",
    "headers": {
        "content-type": "application/json",
        "user-agent": "PostmanRuntime/7.43.0",
        "accept": "*/*",
        "postman-token": "82ef4f52-b289-4e41-a24c-5257ac87d56c",
        "host": "127.0.0.1:5000",
        "accept-encoding": "gzip, deflate, br",
        "connection": "keep-alive",
        "content-length": "161"
    },
    "query_params": {},
    "body": {
        "name": "Julius_Kassulke35",
        "address": "paramount,sector-137",
        "phone_no": "99999999",
        "password": "****",
        "email": "Tobin1@yahoo.com"
    },
    "user_agent": "PostmanRuntime/7.43.0",
    "user_id": "",
    "user_role": ""
} 
2024-12-25 20:16:38,970 - INFO - {
    "timestamp": "2024-12-25 20:16:38",
    "method": "POST",
    "url": "http://127.0.0.1:5000/signup",
    "remote_addr": "127.0.0.1",
    "headers": {
        "content-type": "application/json",
        "user-agent": "PostmanRuntime/7.43.0",
        "accept": "*/*",
        "postman-token": "76074a55-acbf-43d3-b299-c55388eec43f",
        "host": "127.0.0.1:5000",
        "accept-encoding": "gzip, deflate, br",
        "connection": "keep-alive",
        "content-length": "158"
    },
    "query_params": {},
    "body": {
        "name": "Kaylie32",
        "address": "paramount,sector-137",
        "phone_no": "99999999",
        "password": "****",
        "email": "Buck_Gutmann@gmail.com"
    },
    "user_agent": "PostmanRuntime/7.43.0",
    "user_id": "",
    "user_role": ""
} 
2024-12-25 20:24:16,366 - INFO - {
    "timestamp": "2024-12-25 20:24:16",
    "method": "POST",
    "url": "http://127.0.0.1:5000/signup",
    "remote_addr": "127.0.0.1",
    "headers": {
        "content-type": "application/json",
        "user-agent": "PostmanRuntime/7.43.0",
        "accept": "*/*",
        "postman-token": "e4031987-5882-4c86-9fcd-16d10bcbf58e",
        "host": "127.0.0.1:5000",
        "accept-encoding": "gzip, deflate, br",
        "connection": "keep-alive",
        "content-length": "170"
    },
    "query_params": {},
    "body": {
        "name": "Elmira.Barrows",
        "address": "paramount,sector-137",
        "phone_no": "99999999",
        "password": "****",
        "email": "Tess.Bashirian92@hotmail.com"
    },
    "user_agent": "PostmanRuntime/7.43.0",
    "user_id": "",
    "user_role": ""
} 
2024-12-25 20:24:16,666 - INFO - {
    "timestamp": "2024-12-25 20:24:16",
    "status_code": 200,
    "method": "POST",
    "url": "http://127.0.0.1:5000/signup",
    "response_data": {},
    "response_headers": {
        "content-length": "54",
        "content-type": "application/json"
    },
    "user_id": "",
    "user_role": ""
} 
2024-12-25 20:25:16,269 - INFO - {
    "timestamp": "2024-12-25 20:25:16",
    "method": "POST",
    "url": "http://127.0.0.1:5000/signup",
    "remote_addr": "127.0.0.1",
    "headers": {
        "content-type": "application/json",
        "user-agent": "PostmanRuntime/7.43.0",
        "accept": "*/*",
        "postman-token": "be529c96-22f4-4463-a62d-634ad0f638b5",
        "host": "127.0.0.1:5000",
        "accept-encoding": "gzip, deflate, br",
        "connection": "keep-alive",
        "content-length": "150"
    },
    "query_params": {},
    "body": {
        "name": "Lilly43",
        "address": "paramount,sector-137",
        "phone_no": "999999",
        "password": "****",
        "email": "Ettie17@yahoo.com"
    },
    "user_agent": "PostmanRuntime/7.43.0",
    "user_id": "",
    "user_role": ""
} 
2024-12-25 20:25:16,876 - INFO - {
    "timestamp": "2024-12-25 20:25:16",
    "status_code": 200,
    "method": "POST",
    "url": "http://127.0.0.1:5000/signup",
    "response_data": {},
    "response_headers": {
        "content-length": "54",
        "content-type": "application/json"
    },
    "user_id": "",
    "user_role": ""
} 
2024-12-25 20:30:46,486 - INFO - {
    "timestamp": "2024-12-25 20:30:46",
    "method": "POST",
    "url": "http://127.0.0.1:5000/signup",
    "remote_addr": "127.0.0.1",
    "headers": {
        "content-type": "application/json",
        "user-agent": "PostmanRuntime/7.43.0",
        "accept": "*/*",
        "postman-token": "25563ba5-e4a2-4799-9965-de316eba815b",
        "host": "127.0.0.1:5000",
        "accept-encoding": "gzip, deflate, br",
        "connection": "keep-alive",
        "content-length": "158"
    },
    "query_params": {},
    "body": {
        "name": "Ladarius25",
        "address": "paramount,sector-137",
        "phone_no": "999999",
        "password": "****",
        "email": "Christophe12@yahoo.com"
    },
    "user_agent": "PostmanRuntime/7.43.0",
    "user_id": "",
    "user_role": ""
} 
2024-12-25 20:30:46,493 - INFO - {
    "timestamp": "2024-12-25 20:30:46",
    "status_code": 400,
    "method": "POST",
    "url": "http://127.0.0.1:5000/signup",
    "response_data": {},
    "response_headers": {
        "content-length": "57",
        "content-type": "application/json"
    },
    "user_id": "",
    "user_role": ""
} 
2024-12-25 20:31:05,043 - INFO - {
    "timestamp": "2024-12-25 20:31:05",
    "method": "POST",
    "url": "http://127.0.0.1:5000/signup",
    "remote_addr": "127.0.0.1",
    "headers": {
        "content-type": "application/json",
        "user-agent": "PostmanRuntime/7.43.0",
        "accept": "*/*",
        "postman-token": "ca388f7f-4af9-4680-87d9-324cef0525a2",
        "host": "127.0.0.1:5000",
        "accept-encoding": "gzip, deflate, br",
        "connection": "keep-alive",
        "content-length": "159"
    },
    "query_params": {},
    "body": {
        "name": "",
        "address": "paramount,sector-137",
        "phone_no": "9999999999",
        "password": "****",
        "email": "Muhammad.Kirlin31@hotmail.com"
    },
    "user_agent": "PostmanRuntime/7.43.0",
    "user_id": "",
    "user_role": ""
} 
2024-12-25 20:31:05,045 - INFO - {
    "timestamp": "2024-12-25 20:31:05",
    "status_code": 400,
    "method": "POST",
    "url": "http://127.0.0.1:5000/signup",
    "response_data": {},
    "response_headers": {
        "content-length": "49",
        "content-type": "application/json"
    },
    "user_id": "",
    "user_role": ""
} 
2024-12-25 20:31:22,246 - INFO - {
    "timestamp": "2024-12-25 20:31:22",
    "method": "POST",
    "url": "http://127.0.0.1:5000/signup",
    "remote_addr": "127.0.0.1",
    "headers": {
        "content-type": "application/json",
        "user-agent": "PostmanRuntime/7.43.0",
        "accept": "*/*",
        "postman-token": "ad8f436c-15c3-4d67-b602-8aeb84e4522a",
        "host": "127.0.0.1:5000",
        "accept-encoding": "gzip, deflate, br",
        "connection": "keep-alive",
        "content-length": "154"
    },
    "query_params": {},
    "body": {
        "name": "john",
        "address": "paramount,sector-137",
        "phone_no": "9999999999",
        "password": "****",
        "email": "Margarette.Nicolas@yahoo.com"
    },
    "user_agent": "PostmanRuntime/7.43.0",
    "user_id": "",
    "user_role": ""
} 
2024-12-25 20:31:26,760 - INFO - {
    "timestamp": "2024-12-25 20:31:26",
    "status_code": 400,
    "method": "POST",
    "url": "http://127.0.0.1:5000/signup",
    "response_data": {},
    "response_headers": {
        "content-length": "54",
        "content-type": "application/json"
    },
    "user_id": "",
    "user_role": ""
} 
2024-12-25 20:34:18,546 - INFO - {
    "timestamp": "2024-12-25 20:34:18",
    "method": "POST",
    "url": "http://127.0.0.1:5000/signup",
    "remote_addr": "127.0.0.1",
    "headers": {
        "content-type": "application/json",
        "user-agent": "PostmanRuntime/7.43.0",
        "accept": "*/*",
        "postman-token": "b84b111c-2855-4c68-a14b-5a0ba055a25b",
        "host": "127.0.0.1:5000",
        "accept-encoding": "gzip, deflate, br",
        "connection": "keep-alive",
        "content-length": "134"
    },
    "query_params": {},
    "body": {
        "name": "john",
        "address": "paramount,sector-137",
        "phone_no": "9999999999",
        "password": "****",
        "email": ""
    },
    "user_agent": "PostmanRuntime/7.43.0",
    "user_id": "",
    "user_role": ""
} 
2024-12-25 20:34:18,549 - INFO - {
    "timestamp": "2024-12-25 20:34:18",
    "status_code": 400,
    "method": "POST",
    "url": "http://127.0.0.1:5000/signup",
    "response_data": {},
    "response_headers": {
        "content-length": "50",
        "content-type": "application/json"
    },
    "user_id": "",
    "user_role": ""
} 
2024-12-25 20:38:31,090 - INFO - {
    "timestamp": "2024-12-25 20:38:31",
    "method": "POST",
    "url": "http://127.0.0.1:5000/signup",
    "remote_addr": "127.0.0.1",
    "headers": {
        "content-type": "application/json",
        "user-agent": "PostmanRuntime/7.43.0",
        "accept": "*/*",
        "postman-token": "de9cfb12-7369-46d7-8480-b4e50901c29c",
        "host": "127.0.0.1:5000",
        "accept-encoding": "gzip, deflate, br",
        "connection": "keep-alive",
        "content-length": "134"
    },
    "query_params": {},
    "body": {
        "name": "john",
        "address": "paramount,sector-137",
        "phone_no": "9999999999",
        "password": "****",
        "email": ""
    },
    "user_agent": "PostmanRuntime/7.43.0",
    "user_id": "",
    "user_role": ""
} 
2024-12-25 20:38:31,093 - INFO - {
    "timestamp": "2024-12-25 20:38:31",
    "status_code": 422,
    "method": "POST",
    "url": "http://127.0.0.1:5000/signup",
    "response_data": {},
    "response_headers": {
        "content-length": "50",
        "content-type": "application/json"
    },
    "user_id": "",
    "user_role": ""
} 
2024-12-25 20:38:43,286 - INFO - {
    "timestamp": "2024-12-25 20:38:43",
    "method": "POST",
    "url": "http://127.0.0.1:5000/signup",
    "remote_addr": "127.0.0.1",
    "headers": {
        "content-type": "application/json",
        "user-agent": "PostmanRuntime/7.43.0",
        "accept": "*/*",
        "postman-token": "09e9e658-5715-48cd-a893-6f8f843ab109",
        "host": "127.0.0.1:5000",
        "accept-encoding": "gzip, deflate, br",
        "connection": "keep-alive",
        "content-length": "122"
    },
    "query_params": {},
    "body": {
        "name": "john",
        "address": "paramount,sector-137",
        "phone_no": "9999999999",
        "password": "****"
    },
    "user_agent": "PostmanRuntime/7.43.0",
    "user_id": "",
    "user_role": ""
} 
2024-12-25 20:38:43,289 - INFO - {
    "timestamp": "2024-12-25 20:38:43",
    "status_code": 422,
    "method": "POST",
    "url": "http://127.0.0.1:5000/signup",
    "response_data": {},
    "response_headers": {
        "content-length": "181",
        "content-type": "application/json"
    },
    "user_id": "",
    "user_role": ""
} 
2024-12-25 20:39:42,714 - INFO - {
    "timestamp": "2024-12-25 20:39:42",
    "method": "POST",
    "url": "http://127.0.0.1:5000/signup",
    "remote_addr": "127.0.0.1",
    "headers": {
        "content-type": "application/json",
        "user-agent": "PostmanRuntime/7.43.0",
        "accept": "*/*",
        "postman-token": "05314f4c-2795-41c8-b2e8-05a350beeaae",
        "host": "127.0.0.1:5000",
        "accept-encoding": "gzip, deflate, br",
        "connection": "keep-alive",
        "content-length": "148"
    },
    "query_params": {},
    "body": {
        "name": "john",
        "address": "paramount,sector-137",
        "phone_no": "9999999999",
        "password": "****",
        "email": "riya@gmail.com"
    },
    "user_agent": "PostmanRuntime/7.43.0",
    "user_id": "",
    "user_role": ""
} 
2024-12-25 20:39:58,486 - INFO - {
    "timestamp": "2024-12-25 20:39:58",
    "status_code": 200,
    "method": "POST",
    "url": "http://127.0.0.1:5000/signup",
    "response_data": {},
    "response_headers": {
        "content-length": "54",
        "content-type": "application/json"
    },
    "user_id": "",
    "user_role": ""
} 
2024-12-25 20:41:15,708 - INFO - {
    "timestamp": "2024-12-25 20:41:15",
    "method": "POST",
    "url": "http://127.0.0.1:5000/login",
    "remote_addr": "127.0.0.1",
    "headers": {
        "content-type": "application/json",
        "user-agent": "PostmanRuntime/7.43.0",
        "accept": "*/*",
        "postman-token": "dbdc1040-2b9d-4a58-a758-f937bb39ac37",
        "host": "127.0.0.1:5000",
        "accept-encoding": "gzip, deflate, br",
        "connection": "keep-alive",
        "content-length": "53"
    },
    "query_params": {},
    "body": {
        "email": "john",
        "password": "****"
    },
    "user_agent": "PostmanRuntime/7.43.0",
    "user_id": "",
    "user_role": ""
} 
2024-12-25 20:41:55,765 - INFO - {
    "timestamp": "2024-12-25 20:41:55",
    "method": "POST",
    "url": "http://127.0.0.1:5000/login",
    "remote_addr": "127.0.0.1",
    "headers": {
        "content-type": "application/json",
        "user-agent": "PostmanRuntime/7.43.0",
        "accept": "*/*",
        "postman-token": "f93278b8-0bd4-4904-a00c-7ec2680e5bb2",
        "host": "127.0.0.1:5000",
        "accept-encoding": "gzip, deflate, br",
        "connection": "keep-alive",
        "content-length": "53"
    },
    "query_params": {},
    "body": {
        "email": "john",
        "password": "****"
    },
    "user_agent": "PostmanRuntime/7.43.0",
    "user_id": "",
    "user_role": ""
} 
2024-12-25 20:42:44,568 - INFO - {
    "timestamp": "2024-12-25 20:42:44",
    "method": "POST",
    "url": "http://127.0.0.1:5000/login",
    "remote_addr": "127.0.0.1",
    "headers": {
        "content-type": "application/json",
        "user-agent": "PostmanRuntime/7.43.0",
        "accept": "*/*",
        "postman-token": "1fb760b3-4685-4c90-93ce-5403728635de",
        "host": "127.0.0.1:5000",
        "accept-encoding": "gzip, deflate, br",
        "connection": "keep-alive",
        "content-length": "53"
    },
    "query_params": {},
    "body": {
        "email": "john",
        "password": "****"
    },
    "user_agent": "PostmanRuntime/7.43.0",
    "user_id": "",
    "user_role": ""
} 
2024-12-25 20:43:34,915 - INFO - {
    "timestamp": "2024-12-25 20:43:34",
    "method": "POST",
    "url": "http://127.0.0.1:5000/login",
    "remote_addr": "127.0.0.1",
    "headers": {
        "content-type": "application/json",
        "user-agent": "PostmanRuntime/7.43.0",
        "accept": "*/*",
        "postman-token": "0a177085-68d9-4603-a3cf-bb6b41732b29",
        "host": "127.0.0.1:5000",
        "accept-encoding": "gzip, deflate, br",
        "connection": "keep-alive",
        "content-length": "53"
    },
    "query_params": {},
    "body": {
        "email": "john",
        "password": "****"
    },
    "user_agent": "PostmanRuntime/7.43.0",
    "user_id": "",
    "user_role": ""
} 
2024-12-25 20:43:34,917 - INFO - {
    "timestamp": "2024-12-25 20:43:34",
    "status_code": 422,
    "method": "POST",
    "url": "http://127.0.0.1:5000/login",
    "response_data": {},
    "response_headers": {
        "content-length": "50",
        "content-type": "application/json"
    },
    "user_id": "",
    "user_role": ""
} 
2024-12-25 20:43:55,245 - INFO - {
    "timestamp": "2024-12-25 20:43:55",
    "method": "POST",
    "url": "http://127.0.0.1:5000/login",
    "remote_addr": "127.0.0.1",
    "headers": {
        "content-type": "application/json",
        "user-agent": "PostmanRuntime/7.43.0",
        "accept": "*/*",
        "postman-token": "8aeebae4-2a0d-4bfe-a9d2-7e46da06202a",
        "host": "127.0.0.1:5000",
        "accept-encoding": "gzip, deflate, br",
        "connection": "keep-alive",
        "content-length": "63"
    },
    "query_params": {},
    "body": {
        "email": "john@gmail.com",
        "password": "****"
    },
    "user_agent": "PostmanRuntime/7.43.0",
    "user_id": "",
    "user_role": ""
} 
2024-12-25 20:43:59,549 - INFO - {
    "timestamp": "2024-12-25 20:43:59",
    "status_code": 401,
    "method": "POST",
    "url": "http://127.0.0.1:5000/login",
    "response_data": {},
    "response_headers": {
        "content-length": "49",
        "content-type": "application/json"
    },
    "user_id": "",
    "user_role": ""
} 
2024-12-25 20:44:13,089 - INFO - {
    "timestamp": "2024-12-25 20:44:13",
    "method": "POST",
    "url": "http://127.0.0.1:5000/login",
    "remote_addr": "127.0.0.1",
    "headers": {
        "content-type": "application/json",
        "user-agent": "PostmanRuntime/7.43.0",
        "accept": "*/*",
        "postman-token": "447ada6f-a4c2-4208-9b00-5f16a6583b56",
        "host": "127.0.0.1:5000",
        "accept-encoding": "gzip, deflate, br",
        "connection": "keep-alive",
        "content-length": "63"
    },
    "query_params": {},
    "body": {
        "email": "riya@gmail.com",
        "password": "****"
    },
    "user_agent": "PostmanRuntime/7.43.0",
    "user_id": "",
    "user_role": ""
} 
2024-12-25 20:44:17,382 - INFO - {
    "timestamp": "2024-12-25 20:44:17",
    "status_code": 200,
    "method": "POST",
    "url": "http://127.0.0.1:5000/login",
    "response_data": {},
    "response_headers": {
        "content-length": "282",
        "content-type": "application/json"
    },
    "user_id": "",
    "user_role": ""
} 
2024-12-25 20:44:24,084 - INFO - {
    "timestamp": "2024-12-25 20:44:24",
    "method": "GET",
    "url": "http://127.0.0.1:5000/profile",
    "remote_addr": "127.0.0.1",
    "headers": {
        "authorization": "Bearer eyJhbGciOiJIUzI1NiIsInR5cCI6IkpXVCJ9.eyJ1c2VyX2lkIjoiOGM4YjU2ZDMtZGZmMS00MTM4LTg5NGItNGIyYWYwMzY2MjA3IiwiZW1haWwiOiJyaXlhQGdtYWlsLmNvbSIsInJvbGUiOiJkb25vciIsImV4cCI6MTczNTE0MzI1N30.X5zmbAYLGh6IIv2hx4VvetFjlyMNhzdx_o7a9Qg1SKs",
        "user-agent": "PostmanRuntime/7.43.0",
        "accept": "*/*",
        "postman-token": "895d9a42-c3ff-460a-bce1-4dc578e9ac90",
        "host": "127.0.0.1:5000",
        "accept-encoding": "gzip, deflate, br",
        "connection": "keep-alive"
    },
    "query_params": {},
    "body": {},
    "user_agent": "PostmanRuntime/7.43.0",
    "user_id": "",
    "user_role": ""
} 
2024-12-25 21:08:54,924 - INFO - {
    "timestamp": "2024-12-25 21:08:54",
    "method": "GET",
    "url": "http://127.0.0.1:5000/profile",
    "remote_addr": "127.0.0.1",
    "headers": {
        "authorization": "Bearer eyJhbGciOiJIUzI1NiIsInR5cCI6IkpXVCJ9.eyJ1c2VyX2lkIjoiOGM4YjU2ZDMtZGZmMS00MTM4LTg5NGItNGIyYWYwMzY2MjA3IiwiZW1haWwiOiJyaXlhQGdtYWlsLmNvbSIsInJvbGUiOiJkb25vciIsImV4cCI6MTczNTE0MzI1N30.X5zmbAYLGh6IIv2hx4VvetFjlyMNhzdx_o7a9Qg1SKs",
        "user-agent": "PostmanRuntime/7.43.0",
        "accept": "*/*",
        "postman-token": "463d6e01-ff49-4222-8b52-efb40932cb11",
        "host": "127.0.0.1:5000",
        "accept-encoding": "gzip, deflate, br",
        "connection": "keep-alive"
    },
    "query_params": {},
    "body": {},
    "user_agent": "PostmanRuntime/7.43.0",
    "user_id": "",
    "user_role": ""
} 
2024-12-25 21:12:38,345 - INFO - {
    "timestamp": "2024-12-25 21:12:38",
    "method": "GET",
    "url": "http://127.0.0.1:5000/profile",
    "remote_addr": "127.0.0.1",
    "headers": {
        "authorization": "Bearer eyJhbGciOiJIUzI1NiIsInR5cCI6IkpXVCJ9.eyJ1c2VyX2lkIjoiOGM4YjU2ZDMtZGZmMS00MTM4LTg5NGItNGIyYWYwMzY2MjA3IiwiZW1haWwiOiJyaXlhQGdtYWlsLmNvbSIsInJvbGUiOiJkb25vciIsImV4cCI6MTczNTE0MzI1N30.X5zmbAYLGh6IIv2hx4VvetFjlyMNhzdx_o7a9Qg1SKs",
        "user-agent": "PostmanRuntime/7.43.0",
        "accept": "*/*",
        "postman-token": "6db1badf-65e5-495c-bb6e-d02841d70e6a",
        "host": "127.0.0.1:5000",
        "accept-encoding": "gzip, deflate, br",
        "connection": "keep-alive"
    },
    "query_params": {},
    "body": {},
    "user_agent": "PostmanRuntime/7.43.0",
    "user_id": "",
    "user_role": ""
} 
2024-12-25 21:15:43,253 - INFO - {
    "timestamp": "2024-12-25 21:15:43",
    "method": "GET",
    "url": "http://127.0.0.1:5000/profile",
    "remote_addr": "127.0.0.1",
    "headers": {
        "authorization": "Bearer eyJhbGciOiJIUzI1NiIsInR5cCI6IkpXVCJ9.eyJ1c2VyX2lkIjoiOGM4YjU2ZDMtZGZmMS00MTM4LTg5NGItNGIyYWYwMzY2MjA3IiwiZW1haWwiOiJyaXlhQGdtYWlsLmNvbSIsInJvbGUiOiJkb25vciIsImV4cCI6MTczNTE0MzI1N30.X5zmbAYLGh6IIv2hx4VvetFjlyMNhzdx_o7a9Qg1SKs",
        "user-agent": "PostmanRuntime/7.43.0",
        "accept": "*/*",
        "postman-token": "ef926223-a949-4ae3-9635-f5d2d7e9f0e8",
        "host": "127.0.0.1:5000",
        "accept-encoding": "gzip, deflate, br",
        "connection": "keep-alive"
    },
    "query_params": {},
    "body": {},
    "user_agent": "PostmanRuntime/7.43.0",
    "user_id": "",
    "user_role": ""
} 
2024-12-25 21:15:43,255 - INFO - {
    "timestamp": "2024-12-25 21:15:43",
    "status_code": 200,
    "method": "GET",
    "url": "http://127.0.0.1:5000/profile",
    "response_data": {},
    "response_headers": {
        "content-length": "228",
        "content-type": "application/json"
    },
    "user_id": "8c8b56d3-dff1-4138-894b-4b2af0366207",
    "user_role": "donor"
} 
2024-12-25 21:16:25,947 - INFO - {
    "timestamp": "2024-12-25 21:16:25",
    "method": "POST",
    "url": "http://127.0.0.1:5000/login",
    "remote_addr": "127.0.0.1",
    "headers": {
        "content-type": "application/json",
        "user-agent": "PostmanRuntime/7.43.0",
        "accept": "*/*",
        "postman-token": "8a2c3bc7-4099-4958-8731-7197b5fa9338",
        "host": "127.0.0.1:5000",
        "accept-encoding": "gzip, deflate, br",
        "connection": "keep-alive",
        "content-length": "70"
    },
    "query_params": {},
    "body": {
        "email": "localeyes22@gmail.com",
        "password": "****"
    },
    "user_agent": "PostmanRuntime/7.43.0",
    "user_id": "",
    "user_role": ""
} 
2024-12-25 21:16:41,296 - INFO - {
    "timestamp": "2024-12-25 21:16:41",
    "status_code": 200,
    "method": "POST",
    "url": "http://127.0.0.1:5000/login",
    "response_data": {},
    "response_headers": {
        "content-length": "291",
        "content-type": "application/json"
    },
    "user_id": "",
    "user_role": ""
} 
2024-12-25 21:16:52,865 - INFO - {
    "timestamp": "2024-12-25 21:16:52",
    "method": "GET",
    "url": "http://127.0.0.1:5000/profile",
    "remote_addr": "127.0.0.1",
    "headers": {
        "authorization": "Bearer eyJhbGciOiJIUzI1NiIsInR5cCI6IkpXVCJ9.eyJ1c2VyX2lkIjoiODcyY2ExYjgtM2E2Yi00NTMwLWE4NmYtN2U3M2NjMzRmNWYyIiwiZW1haWwiOiJsb2NhbGV5ZXMyMkBnbWFpbC5jb20iLCJyb2xlIjoiYWRtaW4iLCJleHAiOjE3MzUxNDUyMDF9.3hsZC6iuJhTdpCay2Srd1GIbXv6OupQXGQBd0kAk_lc",
        "user-agent": "PostmanRuntime/7.43.0",
        "accept": "*/*",
        "postman-token": "1c4bdc49-78a9-489d-a3c2-5bc5a527e7ab",
        "host": "127.0.0.1:5000",
        "accept-encoding": "gzip, deflate, br",
        "connection": "keep-alive"
    },
    "query_params": {},
    "body": {},
    "user_agent": "PostmanRuntime/7.43.0",
    "user_id": "",
    "user_role": ""
} 
2024-12-25 21:16:52,868 - INFO - {
    "timestamp": "2024-12-25 21:16:52",
    "status_code": 200,
    "method": "GET",
    "url": "http://127.0.0.1:5000/profile",
    "response_data": {},
    "response_headers": {
        "content-length": "236",
        "content-type": "application/json"
    },
    "user_id": "872ca1b8-3a6b-4530-a86f-7e73cc34f5f2",
    "user_role": "admin"
} 
2024-12-25 21:17:05,735 - INFO - {
    "timestamp": "2024-12-25 21:17:05",
    "method": "POST",
    "url": "http://127.0.0.1:5000/admin/ngo",
    "remote_addr": "127.0.0.1",
    "headers": {
        "content-type": "application/json",
        "authorization": "Bearer eyJhbGciOiJIUzI1NiIsInR5cCI6IkpXVCJ9.eyJ1c2VyX2lkIjoiODcyY2ExYjgtM2E2Yi00NTMwLWE4NmYtN2U3M2NjMzRmNWYyIiwiZW1haWwiOiJsb2NhbGV5ZXMyMkBnbWFpbC5jb20iLCJyb2xlIjoiYWRtaW4iLCJleHAiOjE3MzUxNDUyMDF9.3hsZC6iuJhTdpCay2Srd1GIbXv6OupQXGQBd0kAk_lc",
        "user-agent": "PostmanRuntime/7.43.0",
        "accept": "*/*",
        "postman-token": "bb770391-a6ae-47e7-a152-6d60ee8a1950",
        "host": "127.0.0.1:5000",
        "accept-encoding": "gzip, deflate, br",
        "connection": "keep-alive",
        "content-length": "187"
    },
    "query_params": {},
    "body": {
        "email": "Matt42@gmail.com",
        "phone_no": "723-251-8086",
        "address": "random address",
        "details": "can accept money as well as donatable items",
        "name": "Melvina3"
    },
    "user_agent": "PostmanRuntime/7.43.0",
    "user_id": "",
    "user_role": ""
} 
2024-12-25 21:17:48,892 - INFO - {
    "timestamp": "2024-12-25 21:17:48",
    "method": "POST",
    "url": "http://127.0.0.1:5000/admin/ngo",
    "remote_addr": "127.0.0.1",
    "headers": {
        "content-type": "application/json",
        "authorization": "Bearer eyJhbGciOiJIUzI1NiIsInR5cCI6IkpXVCJ9.eyJ1c2VyX2lkIjoiODcyY2ExYjgtM2E2Yi00NTMwLWE4NmYtN2U3M2NjMzRmNWYyIiwiZW1haWwiOiJsb2NhbGV5ZXMyMkBnbWFpbC5jb20iLCJyb2xlIjoiYWRtaW4iLCJleHAiOjE3MzUxNDUyMDF9.3hsZC6iuJhTdpCay2Srd1GIbXv6OupQXGQBd0kAk_lc",
        "user-agent": "PostmanRuntime/7.43.0",
        "accept": "*/*",
        "postman-token": "c8a5acbc-0d53-4f30-9579-6ab66e43ad1b",
        "host": "127.0.0.1:5000",
        "accept-encoding": "gzip, deflate, br",
        "connection": "keep-alive",
        "content-length": "198"
    },
    "query_params": {},
    "body": {
        "email": "Daisy.Welch75@yahoo.com",
        "phone_no": "291-896-7526",
        "address": "random address",
        "details": "can accept money as well as donatable items",
        "name": "Neva.Ortiz63"
    },
    "user_agent": "PostmanRuntime/7.43.0",
    "user_id": "",
    "user_role": ""
} 
2024-12-25 21:17:54,122 - INFO - {
    "timestamp": "2024-12-25 21:17:54",
    "status_code": 200,
    "method": "POST",
    "url": "http://127.0.0.1:5000/admin/ngo",
    "response_data": {},
    "response_headers": {
        "content-length": "64",
        "content-type": "application/json"
    },
    "user_id": "872ca1b8-3a6b-4530-a86f-7e73cc34f5f2",
    "user_role": "admin"
} 
2024-12-25 21:37:30,205 - INFO - {
    "timestamp": "2024-12-25 21:37:30",
    "method": "POST",
    "url": "http://127.0.0.1:5000/admin/ngo",
    "remote_addr": "127.0.0.1",
    "headers": {
        "content-type": "application/json",
        "authorization": "Bearer eyJhbGciOiJIUzI1NiIsInR5cCI6IkpXVCJ9.eyJ1c2VyX2lkIjoiODcyY2ExYjgtM2E2Yi00NTMwLWE4NmYtN2U3M2NjMzRmNWYyIiwiZW1haWwiOiJsb2NhbGV5ZXMyMkBnbWFpbC5jb20iLCJyb2xlIjoiYWRtaW4iLCJleHAiOjE3MzUxNDUyMDF9.3hsZC6iuJhTdpCay2Srd1GIbXv6OupQXGQBd0kAk_lc",
        "user-agent": "PostmanRuntime/7.43.0",
        "accept": "*/*",
        "postman-token": "98ca3565-d52d-4cea-8926-76dbdad46b3d",
        "host": "127.0.0.1:5000",
        "accept-encoding": "gzip, deflate, br",
        "connection": "keep-alive",
        "content-length": "190"
    },
    "query_params": {},
    "body": {
        "email": "Dell12@gmail.com",
        "phone_no": "973-357-2372",
        "address": "random address",
        "details": "can accept money as well as donatable items",
        "name": "Edward.Will"
    },
    "user_agent": "PostmanRuntime/7.43.0",
    "user_id": "",
    "user_role": ""
} 
2024-12-25 21:37:34,534 - INFO - {
    "timestamp": "2024-12-25 21:37:34",
    "status_code": 200,
    "method": "POST",
    "url": "http://127.0.0.1:5000/admin/ngo",
    "response_data": {},
    "response_headers": {
        "content-length": "62",
        "content-type": "application/json"
    },
    "user_id": "872ca1b8-3a6b-4530-a86f-7e73cc34f5f2",
    "user_role": "admin"
} 
2024-12-25 21:38:55,651 - INFO - {
    "timestamp": "2024-12-25 21:38:55",
    "method": "POST",
    "url": "http://127.0.0.1:5000/admin/ngo",
    "remote_addr": "127.0.0.1",
    "headers": {
        "content-type": "application/json",
        "authorization": "Bearer eyJhbGciOiJIUzI1NiIsInR5cCI6IkpXVCJ9.eyJ1c2VyX2lkIjoiODcyY2ExYjgtM2E2Yi00NTMwLWE4NmYtN2U3M2NjMzRmNWYyIiwiZW1haWwiOiJsb2NhbGV5ZXMyMkBnbWFpbC5jb20iLCJyb2xlIjoiYWRtaW4iLCJleHAiOjE3MzUxNDUyMDF9.3hsZC6iuJhTdpCay2Srd1GIbXv6OupQXGQBd0kAk_lc",
        "user-agent": "PostmanRuntime/7.43.0",
        "accept": "*/*",
        "postman-token": "657854c0-655d-49b2-87bb-d5eeb80f97eb",
        "host": "127.0.0.1:5000",
        "accept-encoding": "gzip, deflate, br",
        "connection": "keep-alive",
        "content-length": "201"
    },
    "query_params": {},
    "body": {
        "email": "Laurel_Kuhlman92@hotmail.com",
        "phone_no": "843-358-9789",
        "address": "random address",
        "details": "can accept money as well as donatable items",
        "name": "Flo_Beahan"
    },
    "user_agent": "PostmanRuntime/7.43.0",
    "user_id": "",
    "user_role": ""
} 
2024-12-25 21:39:07,023 - INFO - {
    "timestamp": "2024-12-25 21:39:07",
    "status_code": 200,
    "method": "POST",
    "url": "http://127.0.0.1:5000/admin/ngo",
    "response_data": {},
    "response_headers": {
        "content-length": "52",
        "content-type": "application/json"
    },
    "user_id": "872ca1b8-3a6b-4530-a86f-7e73cc34f5f2",
    "user_role": "admin"
} 
2024-12-25 21:42:05,737 - INFO - {
    "timestamp": "2024-12-25 21:42:05",
    "method": "POST",
    "url": "http://127.0.0.1:5000/admin/ngo",
    "remote_addr": "127.0.0.1",
    "headers": {
        "content-type": "application/json",
        "authorization": "Bearer eyJhbGciOiJIUzI1NiIsInR5cCI6IkpXVCJ9.eyJ1c2VyX2lkIjoiODcyY2ExYjgtM2E2Yi00NTMwLWE4NmYtN2U3M2NjMzRmNWYyIiwiZW1haWwiOiJsb2NhbGV5ZXMyMkBnbWFpbC5jb20iLCJyb2xlIjoiYWRtaW4iLCJleHAiOjE3MzUxNDUyMDF9.3hsZC6iuJhTdpCay2Srd1GIbXv6OupQXGQBd0kAk_lc",
        "user-agent": "PostmanRuntime/7.43.0",
        "accept": "*/*",
        "postman-token": "15d3eca2-a89f-44cb-a764-dfed98d6c89c",
        "host": "127.0.0.1:5000",
        "accept-encoding": "gzip, deflate, br",
        "connection": "keep-alive",
        "content-length": "196"
    },
    "query_params": {},
    "body": {
        "email": "Darby13@hotmail.com",
        "phone_no": "674-383-4283",
        "address": "random address",
        "details": "can accept money as well as donatable items",
        "name": "Nannie.Runte47"
    },
    "user_agent": "PostmanRuntime/7.43.0",
    "user_id": "",
    "user_role": ""
} 
2024-12-25 21:42:09,881 - INFO - {
    "timestamp": "2024-12-25 21:42:09",
    "status_code": 201,
    "method": "POST",
    "url": "http://127.0.0.1:5000/admin/ngo",
    "response_data": {},
    "response_headers": {
        "content-length": "52",
        "content-type": "application/json"
    },
    "user_id": "872ca1b8-3a6b-4530-a86f-7e73cc34f5f2",
    "user_role": "admin"
} 
2024-12-25 21:42:16,665 - INFO - {
    "timestamp": "2024-12-25 21:42:16",
    "method": "GET",
    "url": "http://127.0.0.1:5000/ngo/all",
    "remote_addr": "127.0.0.1",
    "headers": {
        "authorization": "Bearer eyJhbGciOiJIUzI1NiIsInR5cCI6IkpXVCJ9.eyJ1c2VyX2lkIjoiODcyY2ExYjgtM2E2Yi00NTMwLWE4NmYtN2U3M2NjMzRmNWYyIiwiZW1haWwiOiJsb2NhbGV5ZXMyMkBnbWFpbC5jb20iLCJyb2xlIjoiYWRtaW4iLCJleHAiOjE3MzUxNDUyMDF9.3hsZC6iuJhTdpCay2Srd1GIbXv6OupQXGQBd0kAk_lc",
        "user-agent": "PostmanRuntime/7.43.0",
        "accept": "*/*",
        "postman-token": "9bb91140-40d7-42d1-9fcd-d8ce1fd6c73d",
        "host": "127.0.0.1:5000",
        "accept-encoding": "gzip, deflate, br",
        "connection": "keep-alive"
    },
    "query_params": {},
    "body": {},
    "user_agent": "PostmanRuntime/7.43.0",
    "user_id": "",
    "user_role": ""
} 
2024-12-25 21:42:16,667 - INFO - {
    "timestamp": "2024-12-25 21:42:16",
    "status_code": 200,
    "method": "GET",
    "url": "http://127.0.0.1:5000/ngo/all",
    "response_data": {},
    "response_headers": {
        "content-length": "1250",
        "content-type": "application/json"
    },
    "user_id": "872ca1b8-3a6b-4530-a86f-7e73cc34f5f2",
    "user_role": "admin"
} 
2024-12-25 21:42:30,137 - INFO - {
    "timestamp": "2024-12-25 21:42:30",
    "method": "GET",
    "url": "http://127.0.0.1:5000/ngo/cbc0e55e-a8ff-4ae0-b4d8-ec82083b8010",
    "remote_addr": "127.0.0.1",
    "headers": {
        "authorization": "Bearer eyJhbGciOiJIUzI1NiIsInR5cCI6IkpXVCJ9.eyJ1c2VyX2lkIjoiODcyY2ExYjgtM2E2Yi00NTMwLWE4NmYtN2U3M2NjMzRmNWYyIiwiZW1haWwiOiJsb2NhbGV5ZXMyMkBnbWFpbC5jb20iLCJyb2xlIjoiYWRtaW4iLCJleHAiOjE3MzUxNDUyMDF9.3hsZC6iuJhTdpCay2Srd1GIbXv6OupQXGQBd0kAk_lc",
        "user-agent": "PostmanRuntime/7.43.0",
        "accept": "*/*",
        "postman-token": "e1591f4e-e10e-4350-839d-554ed2d3b453",
        "host": "127.0.0.1:5000",
        "accept-encoding": "gzip, deflate, br",
        "connection": "keep-alive"
    },
    "query_params": {},
    "body": {},
    "user_agent": "PostmanRuntime/7.43.0",
    "user_id": "",
    "user_role": ""
} 
2024-12-25 21:42:30,138 - INFO - {
    "timestamp": "2024-12-25 21:42:30",
    "status_code": 200,
    "method": "GET",
    "url": "http://127.0.0.1:5000/ngo/cbc0e55e-a8ff-4ae0-b4d8-ec82083b8010",
    "response_data": {},
    "response_headers": {
        "content-length": "280",
        "content-type": "application/json"
    },
    "user_id": "872ca1b8-3a6b-4530-a86f-7e73cc34f5f2",
    "user_role": "admin"
} 
2024-12-25 21:42:43,524 - INFO - {
    "timestamp": "2024-12-25 21:42:43",
    "method": "PUT",
    "url": "http://127.0.0.1:5000/admin/ngo/cbc0e55e-a8ff-4ae0-b4d8-ec82083b8010",
    "remote_addr": "127.0.0.1",
    "headers": {
        "content-type": "application/json",
        "authorization": "Bearer eyJhbGciOiJIUzI1NiIsInR5cCI6IkpXVCJ9.eyJ1c2VyX2lkIjoiODcyY2ExYjgtM2E2Yi00NTMwLWE4NmYtN2U3M2NjMzRmNWYyIiwiZW1haWwiOiJsb2NhbGV5ZXMyMkBnbWFpbC5jb20iLCJyb2xlIjoiYWRtaW4iLCJleHAiOjE3MzUxNDUyMDF9.3hsZC6iuJhTdpCay2Srd1GIbXv6OupQXGQBd0kAk_lc",
        "user-agent": "PostmanRuntime/7.43.0",
        "accept": "*/*",
        "postman-token": "ecfcac16-bfab-4db4-98b6-9f6081c8cf52",
        "host": "127.0.0.1:5000",
        "accept-encoding": "gzip, deflate, br",
        "connection": "keep-alive",
        "content-length": "176"
    },
    "query_params": {},
    "body": {
        "email": "Jarrett3@gmail.com",
        "phone_no": "211-363-2595",
        "address": "random addresses",
        "details": "can accept money only",
        "name": "Tyshawn.Swift78"
    },
    "user_agent": "PostmanRuntime/7.43.0",
    "user_id": "",
    "user_role": ""
} 
2024-12-25 21:42:47,699 - INFO - {
    "timestamp": "2024-12-25 21:42:47",
    "status_code": 200,
    "method": "PUT",
    "url": "http://127.0.0.1:5000/admin/ngo/cbc0e55e-a8ff-4ae0-b4d8-ec82083b8010",
    "response_data": {},
    "response_headers": {
        "content-length": "52",
        "content-type": "application/json"
    },
    "user_id": "872ca1b8-3a6b-4530-a86f-7e73cc34f5f2",
    "user_role": "admin"
} 
2024-12-25 21:42:52,939 - INFO - {
    "timestamp": "2024-12-25 21:42:52",
    "method": "GET",
    "url": "http://127.0.0.1:5000/ngo/cbc0e55e-a8ff-4ae0-b4d8-ec82083b8010",
    "remote_addr": "127.0.0.1",
    "headers": {
        "authorization": "Bearer eyJhbGciOiJIUzI1NiIsInR5cCI6IkpXVCJ9.eyJ1c2VyX2lkIjoiODcyY2ExYjgtM2E2Yi00NTMwLWE4NmYtN2U3M2NjMzRmNWYyIiwiZW1haWwiOiJsb2NhbGV5ZXMyMkBnbWFpbC5jb20iLCJyb2xlIjoiYWRtaW4iLCJleHAiOjE3MzUxNDUyMDF9.3hsZC6iuJhTdpCay2Srd1GIbXv6OupQXGQBd0kAk_lc",
        "user-agent": "PostmanRuntime/7.43.0",
        "accept": "*/*",
        "postman-token": "1d04d66b-06c9-47a3-a0d0-195b3feb31df",
        "host": "127.0.0.1:5000",
        "accept-encoding": "gzip, deflate, br",
        "connection": "keep-alive"
    },
    "query_params": {},
    "body": {},
    "user_agent": "PostmanRuntime/7.43.0",
    "user_id": "",
    "user_role": ""
} 
2024-12-25 21:42:52,940 - INFO - {
    "timestamp": "2024-12-25 21:42:52",
    "status_code": 200,
    "method": "GET",
    "url": "http://127.0.0.1:5000/ngo/cbc0e55e-a8ff-4ae0-b4d8-ec82083b8010",
    "response_data": {},
    "response_headers": {
        "content-length": "260",
        "content-type": "application/json"
    },
    "user_id": "872ca1b8-3a6b-4530-a86f-7e73cc34f5f2",
    "user_role": "admin"
} 
2024-12-25 21:42:59,945 - INFO - {
    "timestamp": "2024-12-25 21:42:59",
    "method": "DELETE",
    "url": "http://127.0.0.1:5000/admin/ngo/cbc0e55e-a8ff-4ae0-b4d8-ec82083b8010",
    "remote_addr": "127.0.0.1",
    "headers": {
        "authorization": "Bearer eyJhbGciOiJIUzI1NiIsInR5cCI6IkpXVCJ9.eyJ1c2VyX2lkIjoiODcyY2ExYjgtM2E2Yi00NTMwLWE4NmYtN2U3M2NjMzRmNWYyIiwiZW1haWwiOiJsb2NhbGV5ZXMyMkBnbWFpbC5jb20iLCJyb2xlIjoiYWRtaW4iLCJleHAiOjE3MzUxNDUyMDF9.3hsZC6iuJhTdpCay2Srd1GIbXv6OupQXGQBd0kAk_lc",
        "user-agent": "PostmanRuntime/7.43.0",
        "accept": "*/*",
        "postman-token": "6a96e190-0542-4018-94ea-e05df9fcacad",
        "host": "127.0.0.1:5000",
        "accept-encoding": "gzip, deflate, br",
        "connection": "keep-alive"
    },
    "query_params": {},
    "body": {},
    "user_agent": "PostmanRuntime/7.43.0",
    "user_id": "",
    "user_role": ""
} 
2024-12-25 21:42:59,951 - INFO - {
    "timestamp": "2024-12-25 21:42:59",
    "status_code": 200,
    "method": "DELETE",
    "url": "http://127.0.0.1:5000/admin/ngo/cbc0e55e-a8ff-4ae0-b4d8-ec82083b8010",
    "response_data": {},
    "response_headers": {
        "content-length": "52",
        "content-type": "application/json"
    },
    "user_id": "872ca1b8-3a6b-4530-a86f-7e73cc34f5f2",
    "user_role": "admin"
} 
2024-12-25 21:43:05,059 - INFO - {
    "timestamp": "2024-12-25 21:43:05",
    "method": "PUT",
    "url": "http://127.0.0.1:5000/admin/ngo/cbc0e55e-a8ff-4ae0-b4d8-ec82083b8010",
    "remote_addr": "127.0.0.1",
    "headers": {
        "content-type": "application/json",
        "authorization": "Bearer eyJhbGciOiJIUzI1NiIsInR5cCI6IkpXVCJ9.eyJ1c2VyX2lkIjoiODcyY2ExYjgtM2E2Yi00NTMwLWE4NmYtN2U3M2NjMzRmNWYyIiwiZW1haWwiOiJsb2NhbGV5ZXMyMkBnbWFpbC5jb20iLCJyb2xlIjoiYWRtaW4iLCJleHAiOjE3MzUxNDUyMDF9.3hsZC6iuJhTdpCay2Srd1GIbXv6OupQXGQBd0kAk_lc",
        "user-agent": "PostmanRuntime/7.43.0",
        "accept": "*/*",
        "postman-token": "7bb71a8f-6543-4c96-aa5c-a1498fe1e1ee",
        "host": "127.0.0.1:5000",
        "accept-encoding": "gzip, deflate, br",
        "connection": "keep-alive",
        "content-length": "175"
    },
    "query_params": {},
    "body": {
        "email": "Elinor51@hotmail.com",
        "phone_no": "339-871-0524",
        "address": "random addresses",
        "details": "can accept money only",
        "name": "Alexa_Kemmer"
    },
    "user_agent": "PostmanRuntime/7.43.0",
    "user_id": "",
    "user_role": ""
} 
2024-12-25 21:43:09,097 - INFO - {
    "timestamp": "2024-12-25 21:43:09",
    "status_code": 404,
    "method": "PUT",
    "url": "http://127.0.0.1:5000/admin/ngo/cbc0e55e-a8ff-4ae0-b4d8-ec82083b8010",
    "response_data": {},
    "response_headers": {
        "content-length": "54",
        "content-type": "application/json"
    },
    "user_id": "872ca1b8-3a6b-4530-a86f-7e73cc34f5f2",
    "user_role": "admin"
} 
2024-12-25 21:43:14,803 - INFO - {
    "timestamp": "2024-12-25 21:43:14",
    "method": "GET",
    "url": "http://127.0.0.1:5000/ngo/cbc0e55e-a8ff-4ae0-b4d8-ec82083b8010",
    "remote_addr": "127.0.0.1",
    "headers": {
        "authorization": "Bearer eyJhbGciOiJIUzI1NiIsInR5cCI6IkpXVCJ9.eyJ1c2VyX2lkIjoiODcyY2ExYjgtM2E2Yi00NTMwLWE4NmYtN2U3M2NjMzRmNWYyIiwiZW1haWwiOiJsb2NhbGV5ZXMyMkBnbWFpbC5jb20iLCJyb2xlIjoiYWRtaW4iLCJleHAiOjE3MzUxNDUyMDF9.3hsZC6iuJhTdpCay2Srd1GIbXv6OupQXGQBd0kAk_lc",
        "user-agent": "PostmanRuntime/7.43.0",
        "accept": "*/*",
        "postman-token": "3c97b46c-e5dc-4fff-ba29-8d1acc6bb777",
        "host": "127.0.0.1:5000",
        "accept-encoding": "gzip, deflate, br",
        "connection": "keep-alive"
    },
    "query_params": {},
    "body": {},
    "user_agent": "PostmanRuntime/7.43.0",
    "user_id": "",
    "user_role": ""
} 
2024-12-25 21:43:14,804 - INFO - {
    "timestamp": "2024-12-25 21:43:14",
    "status_code": 404,
    "method": "GET",
    "url": "http://127.0.0.1:5000/ngo/cbc0e55e-a8ff-4ae0-b4d8-ec82083b8010",
    "response_data": {},
    "response_headers": {
        "content-length": "54",
        "content-type": "application/json"
    },
    "user_id": "872ca1b8-3a6b-4530-a86f-7e73cc34f5f2",
    "user_role": "admin"
} 
2024-12-25 21:46:40,930 - INFO - {
    "timestamp": "2024-12-25 21:46:40",
    "method": "DELETE",
    "url": "http://127.0.0.1:5000/admin/ngo/cbc0e55e-a8ff-4ae0-b4d8-ec82083b8010",
    "remote_addr": "127.0.0.1",
    "headers": {
        "authorization": "Bearer eyJhbGciOiJIUzI1NiIsInR5cCI6IkpXVCJ9.eyJ1c2VyX2lkIjoiODcyY2ExYjgtM2E2Yi00NTMwLWE4NmYtN2U3M2NjMzRmNWYyIiwiZW1haWwiOiJsb2NhbGV5ZXMyMkBnbWFpbC5jb20iLCJyb2xlIjoiYWRtaW4iLCJleHAiOjE3MzUxNDUyMDF9.3hsZC6iuJhTdpCay2Srd1GIbXv6OupQXGQBd0kAk_lc",
        "user-agent": "PostmanRuntime/7.43.0",
        "accept": "*/*",
        "postman-token": "f5fe6877-c76d-4229-b3be-f4751eedd9bd",
        "host": "127.0.0.1:5000",
        "accept-encoding": "gzip, deflate, br",
        "connection": "keep-alive"
    },
    "query_params": {},
    "body": {},
    "user_agent": "PostmanRuntime/7.43.0",
    "user_id": "",
    "user_role": ""
} 
2024-12-25 21:53:09,578 - INFO - {
    "timestamp": "2024-12-25 21:53:09",
    "method": "DELETE",
    "url": "http://127.0.0.1:5000/admin/ngo/cbc0e55e-a8ff-4ae0-b4d8-ec82083b8010",
    "remote_addr": "127.0.0.1",
    "headers": {
        "authorization": "Bearer eyJhbGciOiJIUzI1NiIsInR5cCI6IkpXVCJ9.eyJ1c2VyX2lkIjoiODcyY2ExYjgtM2E2Yi00NTMwLWE4NmYtN2U3M2NjMzRmNWYyIiwiZW1haWwiOiJsb2NhbGV5ZXMyMkBnbWFpbC5jb20iLCJyb2xlIjoiYWRtaW4iLCJleHAiOjE3MzUxNDUyMDF9.3hsZC6iuJhTdpCay2Srd1GIbXv6OupQXGQBd0kAk_lc",
        "user-agent": "PostmanRuntime/7.43.0",
        "accept": "*/*",
        "postman-token": "5fc447be-3601-4828-9f01-39f8e77bde06",
        "host": "127.0.0.1:5000",
        "accept-encoding": "gzip, deflate, br",
        "connection": "keep-alive"
    },
    "query_params": {},
    "body": {},
    "user_agent": "PostmanRuntime/7.43.0",
    "user_id": "",
    "user_role": ""
} 
2024-12-25 21:53:09,580 - INFO - {
    "timestamp": "2024-12-25 21:53:09",
    "status_code": 404,
    "method": "DELETE",
    "url": "http://127.0.0.1:5000/admin/ngo/cbc0e55e-a8ff-4ae0-b4d8-ec82083b8010",
    "response_data": {},
    "response_headers": {
        "content-length": "54",
        "content-type": "application/json"
    },
    "user_id": "872ca1b8-3a6b-4530-a86f-7e73cc34f5f2",
    "user_role": "admin"
} 
2024-12-25 21:54:20,407 - INFO - {
    "timestamp": "2024-12-25 21:54:20",
    "method": "DELETE",
    "url": "http://127.0.0.1:5000/admin/ngo/cbc0e55e-a8ff-4ae0-b4d8-ec82083b8010",
    "remote_addr": "127.0.0.1",
    "headers": {
        "authorization": "Bearer eyJhbGciOiJIUzI1NiIsInR5cCI6IkpXVCJ9.eyJ1c2VyX2lkIjoiODcyY2ExYjgtM2E2Yi00NTMwLWE4NmYtN2U3M2NjMzRmNWYyIiwiZW1haWwiOiJsb2NhbGV5ZXMyMkBnbWFpbC5jb20iLCJyb2xlIjoiYWRtaW4iLCJleHAiOjE3MzUxNDUyMDF9.3hsZC6iuJhTdpCay2Srd1GIbXv6OupQXGQBd0kAk_lc",
        "user-agent": "PostmanRuntime/7.43.0",
        "accept": "*/*",
        "postman-token": "e3849991-164d-403f-b33c-750894f81028",
        "host": "127.0.0.1:5000",
        "accept-encoding": "gzip, deflate, br",
        "connection": "keep-alive"
    },
    "query_params": {},
    "body": {},
    "user_agent": "PostmanRuntime/7.43.0",
    "user_id": "",
    "user_role": ""
} 
2024-12-25 21:54:20,411 - INFO - {
    "timestamp": "2024-12-25 21:54:20",
    "status_code": 404,
    "method": "DELETE",
    "url": "http://127.0.0.1:5000/admin/ngo/cbc0e55e-a8ff-4ae0-b4d8-ec82083b8010",
    "response_data": {},
    "response_headers": {
        "content-length": "54",
        "content-type": "application/json"
    },
    "user_id": "872ca1b8-3a6b-4530-a86f-7e73cc34f5f2",
    "user_role": "admin"
} 
2024-12-25 21:55:04,851 - INFO - {
    "timestamp": "2024-12-25 21:55:04",
    "method": "DELETE",
    "url": "http://127.0.0.1:5000/admin/ngo/cbc0e55e-a8ff-4ae0-b4d8-ec82083b8010",
    "remote_addr": "127.0.0.1",
    "headers": {
        "authorization": "Bearer eyJhbGciOiJIUzI1NiIsInR5cCI6IkpXVCJ9.eyJ1c2VyX2lkIjoiODcyY2ExYjgtM2E2Yi00NTMwLWE4NmYtN2U3M2NjMzRmNWYyIiwiZW1haWwiOiJsb2NhbGV5ZXMyMkBnbWFpbC5jb20iLCJyb2xlIjoiYWRtaW4iLCJleHAiOjE3MzUxNDUyMDF9.3hsZC6iuJhTdpCay2Srd1GIbXv6OupQXGQBd0kAk_lc",
        "user-agent": "PostmanRuntime/7.43.0",
        "accept": "*/*",
        "postman-token": "cef3df4d-e7bb-4869-9a5b-16abda27660f",
        "host": "127.0.0.1:5000",
        "accept-encoding": "gzip, deflate, br",
        "connection": "keep-alive"
    },
    "query_params": {},
    "body": {},
    "user_agent": "PostmanRuntime/7.43.0",
    "user_id": "",
    "user_role": ""
} 
2024-12-25 22:21:37,743 - INFO - {
    "timestamp": "2024-12-25 22:21:37",
    "method": "DELETE",
    "url": "http://127.0.0.1:5000/admin/ngo/cbc0e55e-a8ff-4ae0-b4d8-ec82083b8010",
    "remote_addr": "127.0.0.1",
    "headers": {
        "authorization": "Bearer eyJhbGciOiJIUzI1NiIsInR5cCI6IkpXVCJ9.eyJ1c2VyX2lkIjoiODcyY2ExYjgtM2E2Yi00NTMwLWE4NmYtN2U3M2NjMzRmNWYyIiwiZW1haWwiOiJsb2NhbGV5ZXMyMkBnbWFpbC5jb20iLCJyb2xlIjoiYWRtaW4iLCJleHAiOjE3MzUxNDUyMDF9.3hsZC6iuJhTdpCay2Srd1GIbXv6OupQXGQBd0kAk_lc",
        "user-agent": "PostmanRuntime/7.43.0",
        "accept": "*/*",
        "postman-token": "5a8dfe55-6d21-4240-85b6-6e6c1fdccd2c",
        "host": "127.0.0.1:5000",
        "accept-encoding": "gzip, deflate, br",
        "connection": "keep-alive"
    },
    "query_params": {},
    "body": {},
    "user_agent": "PostmanRuntime/7.43.0",
    "user_id": "",
    "user_role": ""
} 
2024-12-25 22:22:25,271 - INFO - {
    "timestamp": "2024-12-25 22:22:25",
    "method": "DELETE",
    "url": "http://127.0.0.1:5000/admin/ngo/cbc0e55e-a8ff-4ae0-b4d8-ec82083b8010",
    "remote_addr": "127.0.0.1",
    "headers": {
        "authorization": "Bearer eyJhbGciOiJIUzI1NiIsInR5cCI6IkpXVCJ9.eyJ1c2VyX2lkIjoiODcyY2ExYjgtM2E2Yi00NTMwLWE4NmYtN2U3M2NjMzRmNWYyIiwiZW1haWwiOiJsb2NhbGV5ZXMyMkBnbWFpbC5jb20iLCJyb2xlIjoiYWRtaW4iLCJleHAiOjE3MzUxNDUyMDF9.3hsZC6iuJhTdpCay2Srd1GIbXv6OupQXGQBd0kAk_lc",
        "user-agent": "PostmanRuntime/7.43.0",
        "accept": "*/*",
        "postman-token": "d273973b-8496-44d0-8536-b339fef2cbe2",
        "host": "127.0.0.1:5000",
        "accept-encoding": "gzip, deflate, br",
        "connection": "keep-alive"
    },
    "query_params": {},
    "body": {},
    "user_agent": "PostmanRuntime/7.43.0",
    "user_id": "",
    "user_role": ""
} 
2024-12-25 22:23:07,241 - INFO - {
    "timestamp": "2024-12-25 22:23:07",
    "method": "GET",
    "url": "http://127.0.0.1:5000/ngo/cbc0e55e-a8ff-4ae0-b4d8-ec82083b8010",
    "remote_addr": "127.0.0.1",
    "headers": {
        "authorization": "Bearer eyJhbGciOiJIUzI1NiIsInR5cCI6IkpXVCJ9.eyJ1c2VyX2lkIjoiODcyY2ExYjgtM2E2Yi00NTMwLWE4NmYtN2U3M2NjMzRmNWYyIiwiZW1haWwiOiJsb2NhbGV5ZXMyMkBnbWFpbC5jb20iLCJyb2xlIjoiYWRtaW4iLCJleHAiOjE3MzUxNDUyMDF9.3hsZC6iuJhTdpCay2Srd1GIbXv6OupQXGQBd0kAk_lc",
        "user-agent": "PostmanRuntime/7.43.0",
        "accept": "*/*",
        "postman-token": "510671ff-b1cb-4306-8a28-1071a23c2f50",
        "host": "127.0.0.1:5000",
        "accept-encoding": "gzip, deflate, br",
        "connection": "keep-alive"
    },
    "query_params": {},
    "body": {},
    "user_agent": "PostmanRuntime/7.43.0",
    "user_id": "",
    "user_role": ""
} 
2024-12-25 22:23:57,874 - INFO - {
    "timestamp": "2024-12-25 22:23:57",
    "method": "GET",
    "url": "http://127.0.0.1:5000/ngo/cbc0e55e-a8ff-4ae0-b4d8-ec82083b8010",
    "remote_addr": "127.0.0.1",
    "headers": {
        "authorization": "Bearer eyJhbGciOiJIUzI1NiIsInR5cCI6IkpXVCJ9.eyJ1c2VyX2lkIjoiODcyY2ExYjgtM2E2Yi00NTMwLWE4NmYtN2U3M2NjMzRmNWYyIiwiZW1haWwiOiJsb2NhbGV5ZXMyMkBnbWFpbC5jb20iLCJyb2xlIjoiYWRtaW4iLCJleHAiOjE3MzUxNDUyMDF9.3hsZC6iuJhTdpCay2Srd1GIbXv6OupQXGQBd0kAk_lc",
        "user-agent": "PostmanRuntime/7.43.0",
        "accept": "*/*",
        "postman-token": "f9039ee7-343c-409a-9c9d-b1ecc605f0ad",
        "host": "127.0.0.1:5000",
        "accept-encoding": "gzip, deflate, br",
        "connection": "keep-alive"
    },
    "query_params": {},
    "body": {},
    "user_agent": "PostmanRuntime/7.43.0",
    "user_id": "",
    "user_role": ""
} 
2024-12-25 22:25:21,125 - INFO - {
    "timestamp": "2024-12-25 22:25:21",
    "method": "GET",
    "url": "http://127.0.0.1:5000/ngo/cbc0e55e-a8ff-4ae0-b4d8-ec82083b8010",
    "remote_addr": "127.0.0.1",
    "headers": {
        "authorization": "Bearer eyJhbGciOiJIUzI1NiIsInR5cCI6IkpXVCJ9.eyJ1c2VyX2lkIjoiODcyY2ExYjgtM2E2Yi00NTMwLWE4NmYtN2U3M2NjMzRmNWYyIiwiZW1haWwiOiJsb2NhbGV5ZXMyMkBnbWFpbC5jb20iLCJyb2xlIjoiYWRtaW4iLCJleHAiOjE3MzUxNDUyMDF9.3hsZC6iuJhTdpCay2Srd1GIbXv6OupQXGQBd0kAk_lc",
        "user-agent": "PostmanRuntime/7.43.0",
        "accept": "*/*",
        "postman-token": "9df05cde-82cd-4966-821a-9bfb8defbefa",
        "host": "127.0.0.1:5000",
        "accept-encoding": "gzip, deflate, br",
        "connection": "keep-alive"
    },
    "query_params": {},
    "body": {},
    "user_agent": "PostmanRuntime/7.43.0",
    "user_id": "",
    "user_role": ""
} 
2024-12-25 22:29:41,196 - INFO - {
    "timestamp": "2024-12-25 22:29:41",
    "method": "GET",
    "url": "http://127.0.0.1:5000/ngo/cbc0e55e-a8ff-4ae0-b4d8-ec82083b8010",
    "remote_addr": "127.0.0.1",
    "headers": {
        "authorization": "Bearer eyJhbGciOiJIUzI1NiIsInR5cCI6IkpXVCJ9.eyJ1c2VyX2lkIjoiODcyY2ExYjgtM2E2Yi00NTMwLWE4NmYtN2U3M2NjMzRmNWYyIiwiZW1haWwiOiJsb2NhbGV5ZXMyMkBnbWFpbC5jb20iLCJyb2xlIjoiYWRtaW4iLCJleHAiOjE3MzUxNDUyMDF9.3hsZC6iuJhTdpCay2Srd1GIbXv6OupQXGQBd0kAk_lc",
        "user-agent": "PostmanRuntime/7.43.0",
        "accept": "*/*",
        "postman-token": "45921266-2513-4ab0-8334-daf9e404b8e6",
        "host": "127.0.0.1:5000",
        "accept-encoding": "gzip, deflate, br",
        "connection": "keep-alive"
    },
    "query_params": {},
    "body": {},
    "user_agent": "PostmanRuntime/7.43.0",
    "user_id": "",
    "user_role": ""
} 
2024-12-25 22:43:01,022 - INFO - {
    "timestamp": "2024-12-25 22:43:01",
    "method": "GET",
    "url": "http://127.0.0.1:5000/ngo/cbc0e55e-a8ff-4ae0-b4d8-ec82083b8010",
    "remote_addr": "127.0.0.1",
    "headers": {
        "authorization": "Bearer eyJhbGciOiJIUzI1NiIsInR5cCI6IkpXVCJ9.eyJ1c2VyX2lkIjoiODcyY2ExYjgtM2E2Yi00NTMwLWE4NmYtN2U3M2NjMzRmNWYyIiwiZW1haWwiOiJsb2NhbGV5ZXMyMkBnbWFpbC5jb20iLCJyb2xlIjoiYWRtaW4iLCJleHAiOjE3MzUxNDUyMDF9.3hsZC6iuJhTdpCay2Srd1GIbXv6OupQXGQBd0kAk_lc",
        "user-agent": "PostmanRuntime/7.43.0",
        "accept": "*/*",
        "postman-token": "3b6809f1-9be2-4859-bff1-990acfcbb46e",
        "host": "127.0.0.1:5000",
        "accept-encoding": "gzip, deflate, br",
        "connection": "keep-alive"
    },
    "query_params": {},
    "body": {},
    "user_agent": "PostmanRuntime/7.43.0",
    "user_id": "",
    "user_role": ""
} 
2024-12-25 23:05:28,375 - INFO - {
    "timestamp": "2024-12-25 23:05:28",
    "method": "GET",
    "url": "http://127.0.0.1:5000/ngo/cbc0e55e-a8ff-4ae0-b4d8-ec82083b8010",
    "remote_addr": "127.0.0.1",
    "headers": {
        "authorization": "Bearer eyJhbGciOiJIUzI1NiIsInR5cCI6IkpXVCJ9.eyJ1c2VyX2lkIjoiODcyY2ExYjgtM2E2Yi00NTMwLWE4NmYtN2U3M2NjMzRmNWYyIiwiZW1haWwiOiJsb2NhbGV5ZXMyMkBnbWFpbC5jb20iLCJyb2xlIjoiYWRtaW4iLCJleHAiOjE3MzUxNDUyMDF9.3hsZC6iuJhTdpCay2Srd1GIbXv6OupQXGQBd0kAk_lc",
        "user-agent": "PostmanRuntime/7.43.0",
        "accept": "*/*",
        "postman-token": "4f96cb6a-d426-4c06-a90a-bacb522d58ab",
        "host": "127.0.0.1:5000",
        "accept-encoding": "gzip, deflate, br",
        "connection": "keep-alive"
    },
    "query_params": {},
    "body": {},
    "user_agent": "PostmanRuntime/7.43.0",
    "user_id": "",
    "user_role": ""
} 
2024-12-25 23:05:28,377 - INFO - {
    "timestamp": "2024-12-25 23:05:28",
    "status_code": 401,
    "method": "GET",
    "url": "http://127.0.0.1:5000/ngo/cbc0e55e-a8ff-4ae0-b4d8-ec82083b8010",
    "response_data": {},
    "response_headers": {
        "content-length": "46",
        "content-type": "application/json"
    },
    "user_id": "",
    "user_role": ""
} 
2024-12-25 23:05:34,332 - INFO - {
    "timestamp": "2024-12-25 23:05:34",
    "method": "POST",
    "url": "http://127.0.0.1:5000/login",
    "remote_addr": "127.0.0.1",
    "headers": {
        "content-type": "application/json",
        "user-agent": "PostmanRuntime/7.43.0",
        "accept": "*/*",
        "postman-token": "400a1b03-ab2d-41ce-9b2b-5c6f39f4937c",
        "host": "127.0.0.1:5000",
        "accept-encoding": "gzip, deflate, br",
        "connection": "keep-alive",
        "content-length": "70"
    },
    "query_params": {},
    "body": {
        "email": "localeyes22@gmail.com",
        "password": "****"
    },
    "user_agent": "PostmanRuntime/7.43.0",
    "user_id": "",
    "user_role": ""
} 
2024-12-25 23:05:38,909 - INFO - {
    "timestamp": "2024-12-25 23:05:38",
    "status_code": 200,
    "method": "POST",
    "url": "http://127.0.0.1:5000/login",
    "response_data": {},
    "response_headers": {
        "content-length": "291",
        "content-type": "application/json"
    },
    "user_id": "",
    "user_role": ""
} 
2024-12-25 23:05:43,521 - INFO - {
    "timestamp": "2024-12-25 23:05:43",
    "method": "DELETE",
    "url": "http://127.0.0.1:5000/admin/ngo/cbc0e55e-a8ff-4ae0-b4d8-ec82083b8010",
    "remote_addr": "127.0.0.1",
    "headers": {
        "authorization": "Bearer eyJhbGciOiJIUzI1NiIsInR5cCI6IkpXVCJ9.eyJ1c2VyX2lkIjoiODcyY2ExYjgtM2E2Yi00NTMwLWE4NmYtN2U3M2NjMzRmNWYyIiwiZW1haWwiOiJsb2NhbGV5ZXMyMkBnbWFpbC5jb20iLCJyb2xlIjoiYWRtaW4iLCJleHAiOjE3MzUxNTE3Mzh9.C-_qDuvsH01iOOqmIgyGgtQpMGoIqs25oulEke-lSJM",
        "user-agent": "PostmanRuntime/7.43.0",
        "accept": "*/*",
        "postman-token": "49e1e294-f344-45dd-80ed-4652ee99bd15",
        "host": "127.0.0.1:5000",
        "accept-encoding": "gzip, deflate, br",
        "connection": "keep-alive"
    },
    "query_params": {},
    "body": {},
    "user_agent": "PostmanRuntime/7.43.0",
    "user_id": "",
    "user_role": ""
} 
2024-12-25 23:05:43,523 - INFO - {
    "timestamp": "2024-12-25 23:05:43",
    "status_code": 404,
    "method": "DELETE",
    "url": "http://127.0.0.1:5000/admin/ngo/cbc0e55e-a8ff-4ae0-b4d8-ec82083b8010",
    "response_data": {},
    "response_headers": {
        "content-length": "54",
        "content-type": "application/json"
    },
    "user_id": "872ca1b8-3a6b-4530-a86f-7e73cc34f5f2",
    "user_role": "admin"
} 
2024-12-25 23:07:49,282 - INFO - {
    "timestamp": "2024-12-25 23:07:49",
    "method": "DELETE",
    "url": "http://127.0.0.1:5000/admin/ngo/cbc0e55e-a8ff-4ae0-b4d8-ec82083b8010",
    "remote_addr": "127.0.0.1",
    "headers": {
        "authorization": "Bearer eyJhbGciOiJIUzI1NiIsInR5cCI6IkpXVCJ9.eyJ1c2VyX2lkIjoiODcyY2ExYjgtM2E2Yi00NTMwLWE4NmYtN2U3M2NjMzRmNWYyIiwiZW1haWwiOiJsb2NhbGV5ZXMyMkBnbWFpbC5jb20iLCJyb2xlIjoiYWRtaW4iLCJleHAiOjE3MzUxNTE3Mzh9.C-_qDuvsH01iOOqmIgyGgtQpMGoIqs25oulEke-lSJM",
        "user-agent": "PostmanRuntime/7.43.0",
        "accept": "*/*",
        "postman-token": "ec97a121-b53a-423a-8472-ab37e009e810",
        "host": "127.0.0.1:5000",
        "accept-encoding": "gzip, deflate, br",
        "connection": "keep-alive"
    },
    "query_params": {},
    "body": {},
    "user_agent": "PostmanRuntime/7.43.0",
    "user_id": "",
    "user_role": ""
} 
2024-12-25 23:07:49,284 - INFO - {
    "timestamp": "2024-12-25 23:07:49",
    "status_code": 404,
    "method": "DELETE",
    "url": "http://127.0.0.1:5000/admin/ngo/cbc0e55e-a8ff-4ae0-b4d8-ec82083b8010",
    "response_data": {},
    "response_headers": {
        "content-length": "54",
        "content-type": "application/json"
    },
    "user_id": "872ca1b8-3a6b-4530-a86f-7e73cc34f5f2",
    "user_role": "admin"
} 
2024-12-25 23:09:24,578 - INFO - {
    "timestamp": "2024-12-25 23:09:24",
    "method": "DELETE",
    "url": "http://127.0.0.1:5000/admin/ngo/cbc0e55e-a8ff-4ae0-b4d8-ec82083b8010",
    "remote_addr": "127.0.0.1",
    "headers": {
        "authorization": "Bearer eyJhbGciOiJIUzI1NiIsInR5cCI6IkpXVCJ9.eyJ1c2VyX2lkIjoiODcyY2ExYjgtM2E2Yi00NTMwLWE4NmYtN2U3M2NjMzRmNWYyIiwiZW1haWwiOiJsb2NhbGV5ZXMyMkBnbWFpbC5jb20iLCJyb2xlIjoiYWRtaW4iLCJleHAiOjE3MzUxNTE3Mzh9.C-_qDuvsH01iOOqmIgyGgtQpMGoIqs25oulEke-lSJM",
        "user-agent": "PostmanRuntime/7.43.0",
        "accept": "*/*",
        "postman-token": "d9124cf1-c927-4912-a400-3cbffbfe464d",
        "host": "127.0.0.1:5000",
        "accept-encoding": "gzip, deflate, br",
        "connection": "keep-alive"
    },
    "query_params": {},
    "body": {},
    "user_agent": "PostmanRuntime/7.43.0",
    "user_id": "",
    "user_role": ""
} 
2024-12-25 23:09:24,580 - INFO - {
    "timestamp": "2024-12-25 23:09:24",
    "status_code": 404,
    "method": "DELETE",
    "url": "http://127.0.0.1:5000/admin/ngo/cbc0e55e-a8ff-4ae0-b4d8-ec82083b8010",
    "response_data": {},
    "response_headers": {
        "content-length": "54",
        "content-type": "application/json"
    },
    "user_id": "872ca1b8-3a6b-4530-a86f-7e73cc34f5f2",
    "user_role": "admin"
} 
2024-12-25 23:10:17,110 - INFO - {
    "timestamp": "2024-12-25 23:10:17",
    "method": "DELETE",
    "url": "http://127.0.0.1:5000/admin/ngo/cbc0e55e-a8ff-4ae0-b4d8-ec82083b8010",
    "remote_addr": "127.0.0.1",
    "headers": {
        "authorization": "Bearer eyJhbGciOiJIUzI1NiIsInR5cCI6IkpXVCJ9.eyJ1c2VyX2lkIjoiODcyY2ExYjgtM2E2Yi00NTMwLWE4NmYtN2U3M2NjMzRmNWYyIiwiZW1haWwiOiJsb2NhbGV5ZXMyMkBnbWFpbC5jb20iLCJyb2xlIjoiYWRtaW4iLCJleHAiOjE3MzUxNTE3Mzh9.C-_qDuvsH01iOOqmIgyGgtQpMGoIqs25oulEke-lSJM",
        "user-agent": "PostmanRuntime/7.43.0",
        "accept": "*/*",
        "postman-token": "af6e2aa0-98d6-40b1-8acd-1d59def43847",
        "host": "127.0.0.1:5000",
        "accept-encoding": "gzip, deflate, br",
        "connection": "keep-alive"
    },
    "query_params": {},
    "body": {},
    "user_agent": "PostmanRuntime/7.43.0",
    "user_id": "",
    "user_role": ""
} 
2024-12-25 23:10:43,785 - INFO - {
    "timestamp": "2024-12-25 23:10:43",
    "method": "DELETE",
    "url": "http://127.0.0.1:5000/admin/ngo/cbc0e55e-a8ff-4ae0-b4d8-ec82083b8010",
    "remote_addr": "127.0.0.1",
    "headers": {
        "authorization": "Bearer eyJhbGciOiJIUzI1NiIsInR5cCI6IkpXVCJ9.eyJ1c2VyX2lkIjoiODcyY2ExYjgtM2E2Yi00NTMwLWE4NmYtN2U3M2NjMzRmNWYyIiwiZW1haWwiOiJsb2NhbGV5ZXMyMkBnbWFpbC5jb20iLCJyb2xlIjoiYWRtaW4iLCJleHAiOjE3MzUxNTE3Mzh9.C-_qDuvsH01iOOqmIgyGgtQpMGoIqs25oulEke-lSJM",
        "user-agent": "PostmanRuntime/7.43.0",
        "accept": "*/*",
        "postman-token": "d97e2c0b-f825-40f9-8e35-5cd557eac77b",
        "host": "127.0.0.1:5000",
        "accept-encoding": "gzip, deflate, br",
        "connection": "keep-alive"
    },
    "query_params": {},
    "body": {},
    "user_agent": "PostmanRuntime/7.43.0",
    "user_id": "",
    "user_role": ""
} 
2024-12-25 23:11:09,157 - INFO - {
    "timestamp": "2024-12-25 23:11:09",
    "method": "DELETE",
    "url": "http://127.0.0.1:5000/admin/ngo/cbc0e55e-a8ff-4ae0-b4d8-ec82083b8010",
    "remote_addr": "127.0.0.1",
    "headers": {
        "authorization": "Bearer eyJhbGciOiJIUzI1NiIsInR5cCI6IkpXVCJ9.eyJ1c2VyX2lkIjoiODcyY2ExYjgtM2E2Yi00NTMwLWE4NmYtN2U3M2NjMzRmNWYyIiwiZW1haWwiOiJsb2NhbGV5ZXMyMkBnbWFpbC5jb20iLCJyb2xlIjoiYWRtaW4iLCJleHAiOjE3MzUxNTE3Mzh9.C-_qDuvsH01iOOqmIgyGgtQpMGoIqs25oulEke-lSJM",
        "user-agent": "PostmanRuntime/7.43.0",
        "accept": "*/*",
        "postman-token": "f44cec0b-65cf-4dd9-bd8d-6e1fe74ac761",
        "host": "127.0.0.1:5000",
        "accept-encoding": "gzip, deflate, br",
        "connection": "keep-alive"
    },
    "query_params": {},
    "body": {},
    "user_agent": "PostmanRuntime/7.43.0",
    "user_id": "",
    "user_role": ""
} 
2024-12-25 23:12:56,734 - INFO - {
    "timestamp": "2024-12-25 23:12:56",
    "method": "DELETE",
    "url": "http://127.0.0.1:5000/admin/ngo/cbc0e55e-a8ff-4ae0-b4d8-ec82083b8010",
    "remote_addr": "127.0.0.1",
    "headers": {
        "authorization": "Bearer eyJhbGciOiJIUzI1NiIsInR5cCI6IkpXVCJ9.eyJ1c2VyX2lkIjoiODcyY2ExYjgtM2E2Yi00NTMwLWE4NmYtN2U3M2NjMzRmNWYyIiwiZW1haWwiOiJsb2NhbGV5ZXMyMkBnbWFpbC5jb20iLCJyb2xlIjoiYWRtaW4iLCJleHAiOjE3MzUxNTE3Mzh9.C-_qDuvsH01iOOqmIgyGgtQpMGoIqs25oulEke-lSJM",
        "user-agent": "PostmanRuntime/7.43.0",
        "accept": "*/*",
        "postman-token": "87fe2071-288d-4003-975e-9d11aa1e8338",
        "host": "127.0.0.1:5000",
        "accept-encoding": "gzip, deflate, br",
        "connection": "keep-alive"
    },
    "query_params": {},
    "body": {},
    "user_agent": "PostmanRuntime/7.43.0",
    "user_id": "",
    "user_role": ""
} 
2024-12-26 09:38:37,363 - INFO - {
    "timestamp": "2024-12-26 09:38:37",
    "method": "POST",
    "url": "http://127.0.0.1:5000/login",
    "remote_addr": "127.0.0.1",
    "headers": {
        "content-type": "application/json",
        "user-agent": "PostmanRuntime/7.43.0",
        "accept": "*/*",
        "postman-token": "5c36ac5d-bab3-45fa-a18b-a6fa7b068acb",
        "host": "127.0.0.1:5000",
        "accept-encoding": "gzip, deflate, br",
        "connection": "keep-alive",
        "content-length": "70"
    },
    "query_params": {},
    "body": {
        "email": "localeyes22@gmail.com",
        "password": "****"
    },
    "user_agent": "PostmanRuntime/7.43.0",
    "user_id": "",
    "user_role": ""
} 
2024-12-26 09:40:03,613 - INFO - {
    "timestamp": "2024-12-26 09:40:03",
    "method": "POST",
    "url": "http://127.0.0.1:5000/login",
    "remote_addr": "127.0.0.1",
    "headers": {
        "content-type": "application/json",
        "user-agent": "PostmanRuntime/7.43.0",
        "accept": "*/*",
        "postman-token": "a98ab581-4f2e-40b0-b1cb-7d38e1db28c5",
        "host": "127.0.0.1:5000",
        "accept-encoding": "gzip, deflate, br",
        "connection": "keep-alive",
        "content-length": "70"
    },
    "query_params": {},
    "body": {
        "email": "localeyes22@gmail.com",
        "password": "****"
    },
    "user_agent": "PostmanRuntime/7.43.0",
    "user_id": "",
    "user_role": ""
} 
2024-12-26 09:45:00,591 - INFO - {
    "timestamp": "2024-12-26 09:45:00",
    "method": "POST",
    "url": "http://127.0.0.1:5000/login",
    "remote_addr": "127.0.0.1",
    "headers": {
        "content-type": "application/json",
        "user-agent": "PostmanRuntime/7.43.0",
        "accept": "*/*",
        "postman-token": "286228a6-bb86-4e5f-8d22-2e1edd519daa",
        "host": "127.0.0.1:5000",
        "accept-encoding": "gzip, deflate, br",
        "connection": "keep-alive",
        "content-length": "70"
    },
    "query_params": {},
    "body": {
        "email": "localeyes22@gmail.com",
        "password": "****"
    },
    "user_agent": "PostmanRuntime/7.43.0",
    "user_id": "",
    "user_role": ""
} 
2024-12-26 09:45:42,089 - INFO - {
    "timestamp": "2024-12-26 09:45:42",
    "method": "POST",
    "url": "http://127.0.0.1:5000/login",
    "remote_addr": "127.0.0.1",
    "headers": {
        "content-type": "application/json",
        "user-agent": "PostmanRuntime/7.43.0",
        "accept": "*/*",
        "postman-token": "240d9d7e-9b43-4217-9f2d-72627a9ffa3b",
        "host": "127.0.0.1:5000",
        "accept-encoding": "gzip, deflate, br",
        "connection": "keep-alive",
        "content-length": "70"
    },
    "query_params": {},
    "body": {
        "email": "localeyes22@gmail.com",
        "password": "****"
    },
    "user_agent": "PostmanRuntime/7.43.0",
    "user_id": "",
    "user_role": ""
} 
2024-12-26 09:46:13,189 - INFO - {
    "timestamp": "2024-12-26 09:46:13",
    "method": "POST",
    "url": "http://127.0.0.1:5000/login",
    "remote_addr": "127.0.0.1",
    "headers": {
        "content-type": "application/json",
        "user-agent": "PostmanRuntime/7.43.0",
        "accept": "*/*",
        "postman-token": "7628225c-4a20-471b-886e-546833f16bea",
        "host": "127.0.0.1:5000",
        "accept-encoding": "gzip, deflate, br",
        "connection": "keep-alive",
        "content-length": "70"
    },
    "query_params": {},
    "body": {
        "email": "localeyes22@gmail.com",
        "password": "****"
    },
    "user_agent": "PostmanRuntime/7.43.0",
    "user_id": "",
    "user_role": ""
} 
2024-12-26 09:48:34,880 - INFO - {
    "timestamp": "2024-12-26 09:48:34",
    "method": "POST",
    "url": "http://127.0.0.1:5000/login",
    "remote_addr": "127.0.0.1",
    "headers": {
        "content-type": "application/json",
        "user-agent": "PostmanRuntime/7.43.0",
        "accept": "*/*",
        "postman-token": "19e042fa-05f9-4e4d-8e47-ed1974800768",
        "host": "127.0.0.1:5000",
        "accept-encoding": "gzip, deflate, br",
        "connection": "keep-alive",
        "content-length": "70"
    },
    "query_params": {},
    "body": {
        "email": "localeyes22@gmail.com",
        "password": "****"
    },
    "user_agent": "PostmanRuntime/7.43.0",
    "user_id": "",
    "user_role": ""
} 
2024-12-26 09:48:39,618 - ERROR - Error logging response: name 'StreamingResponse' is not defined 
2024-12-26 09:49:32,324 - INFO - {
    "timestamp": "2024-12-26 09:49:32",
    "method": "POST",
    "url": "http://127.0.0.1:5000/login",
    "remote_addr": "127.0.0.1",
    "headers": {
        "content-type": "application/json",
        "user-agent": "PostmanRuntime/7.43.0",
        "accept": "*/*",
        "postman-token": "aac19ec2-aecb-4bad-91f8-bf6fca94f2a2",
        "host": "127.0.0.1:5000",
        "accept-encoding": "gzip, deflate, br",
        "connection": "keep-alive",
        "content-length": "70"
    },
    "query_params": {},
    "body": {
        "email": "localeyes22@gmail.com",
        "password": "****"
    },
    "user_agent": "PostmanRuntime/7.43.0",
    "user_id": "",
    "user_role": ""
} 
2024-12-26 09:49:37,094 - ERROR - Error logging response: name 'StreamingResponse' is not defined 
2024-12-26 09:50:34,642 - INFO - {
    "timestamp": "2024-12-26 09:50:34",
    "method": "POST",
    "url": "http://127.0.0.1:5000/login",
    "remote_addr": "127.0.0.1",
    "headers": {
        "content-type": "application/json",
        "user-agent": "PostmanRuntime/7.43.0",
        "accept": "*/*",
        "postman-token": "7c9951fa-5cef-4d7e-9f83-2cd5a420137e",
        "host": "127.0.0.1:5000",
        "accept-encoding": "gzip, deflate, br",
        "connection": "keep-alive",
        "content-length": "70"
    },
    "query_params": {},
    "body": {
        "email": "localeyes22@gmail.com",
        "password": "****"
    },
    "user_agent": "PostmanRuntime/7.43.0",
    "user_id": "",
    "user_role": ""
} 
2024-12-26 09:50:39,585 - INFO - {
    "timestamp": "2024-12-26 09:50:39",
    "status_code": 200,
    "method": "POST",
    "url": "http://127.0.0.1:5000/login",
    "response_body": "Response body not available",
    "response_headers": {
        "content-length": "291",
        "content-type": "application/json"
    },
    "user_id": "",
    "user_role": ""
} 
2024-12-26 09:52:25,269 - INFO - {
    "timestamp": "2024-12-26 09:52:25",
    "method": "POST",
    "url": "http://127.0.0.1:5000/login",
    "remote_addr": "127.0.0.1",
    "headers": {
        "content-type": "application/json",
        "user-agent": "PostmanRuntime/7.43.0",
        "accept": "*/*",
        "postman-token": "1687ffe2-76d9-4050-8c28-cb924d6bfbf6",
        "host": "127.0.0.1:5000",
        "accept-encoding": "gzip, deflate, br",
        "connection": "keep-alive",
        "content-length": "70"
    },
    "query_params": {},
    "body": {
        "email": "localeyes22@gmail.com",
        "password": "****"
    },
    "user_agent": "PostmanRuntime/7.43.0",
    "user_id": "",
    "user_role": ""
} 
2024-12-26 09:52:30,002 - INFO - {
    "timestamp": "2024-12-26 09:52:30",
    "status_code": 200,
    "method": "POST",
    "url": "http://127.0.0.1:5000/login",
    "response_body": "Response body not available",
    "response_headers": {
        "content-length": "291",
        "content-type": "application/json"
    },
    "user_id": "",
    "user_role": ""
} 
2024-12-26 09:55:12,470 - INFO - {
    "timestamp": "2024-12-26 09:55:12",
    "method": "POST",
    "url": "http://127.0.0.1:5000/login",
    "remote_addr": "127.0.0.1",
    "headers": {
        "content-type": "application/json",
        "user-agent": "PostmanRuntime/7.43.0",
        "accept": "*/*",
        "postman-token": "13490447-00b8-43ed-8626-4624e87814b4",
        "host": "127.0.0.1:5000",
        "accept-encoding": "gzip, deflate, br",
        "connection": "keep-alive",
        "content-length": "70"
    },
    "query_params": {},
    "body": {
        "email": "localeyes22@gmail.com",
        "password": "****"
    },
    "user_agent": "PostmanRuntime/7.43.0",
    "user_id": "",
    "user_role": ""
} 
2024-12-26 09:55:17,227 - INFO - {
    "timestamp": "2024-12-26 09:55:17",
    "status_code": 200,
    "method": "POST",
    "url": "http://127.0.0.1:5000/login",
    "content_type": "application/json",
    "response_body": "Failed to decode response body: '_StreamingResponse' object has no attribute 'body'",
    "response_headers": {
        "content-length": "291",
        "content-type": "application/json"
    },
    "user_id": "",
    "user_role": ""
} 
2024-12-26 09:56:41,033 - INFO - {
    "timestamp": "2024-12-26 09:56:41",
    "method": "POST",
    "url": "http://127.0.0.1:5000/login",
    "remote_addr": "127.0.0.1",
    "headers": {
        "content-type": "application/json",
        "user-agent": "PostmanRuntime/7.43.0",
        "accept": "*/*",
        "postman-token": "03f17a96-1c44-40e5-b67a-ebbf3f61e0fc",
        "host": "127.0.0.1:5000",
        "accept-encoding": "gzip, deflate, br",
        "connection": "keep-alive",
        "content-length": "70"
    },
    "query_params": {},
    "body": {
        "email": "localeyes22@gmail.com",
        "password": "****"
    },
    "user_agent": "PostmanRuntime/7.43.0",
    "user_id": "",
    "user_role": ""
} 
2024-12-26 09:56:47,108 - ERROR - Error logging response: '_StreamingResponse' object has no attribute 'body' 
2024-12-26 09:59:38,966 - INFO - {
    "timestamp": "2024-12-26 09:59:38",
    "method": "POST",
    "url": "http://127.0.0.1:5000/login",
    "remote_addr": "127.0.0.1",
    "headers": {
        "content-type": "application/json",
        "user-agent": "PostmanRuntime/7.43.0",
        "accept": "*/*",
        "postman-token": "f95e0a64-42fb-4f6c-a93a-d9b5d8f44c77",
        "host": "127.0.0.1:5000",
        "accept-encoding": "gzip, deflate, br",
        "connection": "keep-alive",
        "content-length": "70"
    },
    "query_params": {},
    "body": {
        "email": "localeyes22@gmail.com",
        "password": "****"
    },
    "user_agent": "PostmanRuntime/7.43.0",
    "user_id": "",
    "user_role": ""
} 
2024-12-26 10:00:48,139 - INFO - {
    "timestamp": "2024-12-26 10:00:48",
    "method": "POST",
    "url": "http://127.0.0.1:5000/login",
    "remote_addr": "127.0.0.1",
    "headers": {
        "content-type": "application/json",
        "user-agent": "PostmanRuntime/7.43.0",
        "accept": "*/*",
        "postman-token": "044d261b-104b-4377-bc79-619ca28daec1",
        "host": "127.0.0.1:5000",
        "accept-encoding": "gzip, deflate, br",
        "connection": "keep-alive",
        "content-length": "70"
    },
    "query_params": {},
    "body": {
        "email": "localeyes22@gmail.com",
        "password": "****"
    },
    "user_agent": "PostmanRuntime/7.43.0",
    "user_id": "",
    "user_role": ""
} 
2024-12-26 10:00:52,872 - ERROR - Error logging response: '_StreamingResponse' object has no attribute 'body' 
2024-12-26 10:01:05,519 - INFO - {
    "timestamp": "2024-12-26 10:01:05",
    "method": "POST",
    "url": "http://127.0.0.1:5000/login",
    "remote_addr": "127.0.0.1",
    "headers": {
        "content-type": "application/json",
        "user-agent": "PostmanRuntime/7.43.0",
        "accept": "*/*",
        "postman-token": "5976daef-9251-4804-bbae-e1deb9b18bbe",
        "host": "127.0.0.1:5000",
        "accept-encoding": "gzip, deflate, br",
        "connection": "keep-alive",
        "content-length": "70"
    },
    "query_params": {},
    "body": {
        "email": "localeyes22@gmail.com",
        "password": "****"
    },
    "user_agent": "PostmanRuntime/7.43.0",
    "user_id": "",
    "user_role": ""
} 
2024-12-26 10:01:10,149 - ERROR - Error logging response: '_StreamingResponse' object has no attribute 'body' 
2024-12-26 10:08:05,250 - INFO - Request: {
    "timestamp": "2024-12-26 10:08:05",
    "method": "POST",
    "url": "http://127.0.0.1:5000/login",
    "remote_addr": "127.0.0.1",
    "headers": {
        "content-type": "application/json",
        "user-agent": "PostmanRuntime/7.43.0",
        "accept": "*/*",
        "postman-token": "3e769c53-2b86-4609-b628-90904e4103fe",
        "host": "127.0.0.1:5000",
        "accept-encoding": "gzip, deflate, br",
        "connection": "keep-alive",
        "content-length": "70"
    },
    "query_params": {},
    "body": {
        "email": "localeyes22@gmail.com",
        "password": "****"
    },
    "user_agent": "PostmanRuntime/7.43.0",
    "user_id": null,
    "user_role": null
} 
2024-12-26 10:08:05,306 - ERROR - Exception: {
    "timestamp": "2024-12-26 10:08:05",
    "error_message": "name 'get_user_from_context' is not defined",
    "traceback": "Traceback (most recent call last):\n  File \"C:\\Users\\rgoyal\\PycharmProjects\\NGO_Management\\.venv\\Lib\\site-packages\\anyio\\streams\\memory.py\", line 111, in receive\n    return self.receive_nowait()\n           ~~~~~~~~~~~~~~~~~~~^^\n  File \"C:\\Users\\rgoyal\\PycharmProjects\\NGO_Management\\.venv\\Lib\\site-packages\\anyio\\streams\\memory.py\", line 106, in receive_nowait\n    raise WouldBlock\nanyio.WouldBlock\n\nDuring handling of the above exception, another exception occurred:\n\nTraceback (most recent call last):\n  File \"C:\\Users\\rgoyal\\PycharmProjects\\NGO_Management\\.venv\\Lib\\site-packages\\anyio\\streams\\memory.py\", line 124, in receive\n    return receiver.item\n           ^^^^^^^^^^^^^\nAttributeError: 'MemoryObjectItemReceiver' object has no attribute 'item'\n\nDuring handling of the above exception, another exception occurred:\n\nTraceback (most recent call last):\n  File \"C:\\Users\\rgoyal\\PycharmProjects\\NGO_Management\\.venv\\Lib\\site-packages\\starlette\\middleware\\base.py\", line 157, in call_next\n    message = await recv_stream.receive()\n              ^^^^^^^^^^^^^^^^^^^^^^^^^^^\n  File \"C:\\Users\\rgoyal\\PycharmProjects\\NGO_Management\\.venv\\Lib\\site-packages\\anyio\\streams\\memory.py\", line 126, in receive\n    raise EndOfStream\nanyio.EndOfStream\n\nDuring handling of the above exception, another exception occurred:\n\nTraceback (most recent call last):\n  File \"C:\\Users\\rgoyal\\PycharmProjects\\NGO_Management\\.venv\\app\\middlewares\\logger_middleware.py\", line 234, in dispatch\n    response = await call_next(request)\n               ^^^^^^^^^^^^^^^^^^^^^^^^\n  File \"C:\\Users\\rgoyal\\PycharmProjects\\NGO_Management\\.venv\\Lib\\site-packages\\starlette\\middleware\\base.py\", line 163, in call_next\n    raise app_exc\n  File \"C:\\Users\\rgoyal\\PycharmProjects\\NGO_Management\\.venv\\Lib\\site-packages\\starlette\\middleware\\base.py\", line 149, in coro\n    await self.app(scope, receive_or_disconnect, send_no_error)\n  File \"C:\\Users\\rgoyal\\PycharmProjects\\NGO_Management\\.venv\\Lib\\site-packages\\starlette\\middleware\\base.py\", line 185, in __call__\n    with collapse_excgroups():\n         ~~~~~~~~~~~~~~~~~~^^\n  File \"C:\\Users\\rgoyal\\AppData\\Local\\Programs\\Python\\Python313\\Lib\\contextlib.py\", line 162, in __exit__\n    self.gen.throw(value)\n    ~~~~~~~~~~~~~~^^^^^^^\n  File \"C:\\Users\\rgoyal\\PycharmProjects\\NGO_Management\\.venv\\Lib\\site-packages\\starlette\\_utils.py\", line 82, in collapse_excgroups\n    raise exc\n  File \"C:\\Users\\rgoyal\\PycharmProjects\\NGO_Management\\.venv\\Lib\\site-packages\\starlette\\middleware\\base.py\", line 187, in __call__\n    response = await self.dispatch_func(request, call_next)\n               ^^^^^^^^^^^^^^^^^^^^^^^^^^^^^^^^^^^^^^^^^^^^\n  File \"C:\\Users\\rgoyal\\PycharmProjects\\NGO_Management\\.venv\\app\\middlewares\\logger_middleware.py\", line 32, in dispatch\n    user_data = get_user_from_context(request)\n                ^^^^^^^^^^^^^^^^^^^^^\nNameError: name 'get_user_from_context' is not defined\n",
    "request_method": "POST",
    "request_url": "http://127.0.0.1:5000/login",
    "request_remote_addr": "127.0.0.1",
    "request_headers": {
        "content-type": "application/json",
        "user-agent": "PostmanRuntime/7.43.0",
        "accept": "*/*",
        "postman-token": "3e769c53-2b86-4609-b628-90904e4103fe",
        "host": "127.0.0.1:5000",
        "accept-encoding": "gzip, deflate, br",
        "connection": "keep-alive",
        "content-length": "70"
    },
    "user_id": null,
    "user_role": null
} 
2024-12-26 10:09:01,657 - INFO - Request: {
    "timestamp": "2024-12-26 10:09:01",
    "method": "POST",
    "url": "http://127.0.0.1:5000/login",
    "remote_addr": "127.0.0.1",
    "headers": {
        "content-type": "application/json",
        "user-agent": "PostmanRuntime/7.43.0",
        "accept": "*/*",
        "postman-token": "5dc701b7-70e5-4aae-a6f5-639f3d70440e",
        "host": "127.0.0.1:5000",
        "accept-encoding": "gzip, deflate, br",
        "connection": "keep-alive",
        "content-length": "70"
    },
    "query_params": {},
    "body": {
        "email": "localeyes22@gmail.com",
        "password": "****"
    },
    "user_agent": "PostmanRuntime/7.43.0",
    "user_id": null,
    "user_role": null
} 
2024-12-26 10:09:01,702 - ERROR - Exception: {
    "timestamp": "2024-12-26 10:09:01",
    "error_message": "name 'get_user_from_context' is not defined",
    "traceback": "Traceback (most recent call last):\n  File \"C:\\Users\\rgoyal\\PycharmProjects\\NGO_Management\\.venv\\Lib\\site-packages\\anyio\\streams\\memory.py\", line 111, in receive\n    return self.receive_nowait()\n           ~~~~~~~~~~~~~~~~~~~^^\n  File \"C:\\Users\\rgoyal\\PycharmProjects\\NGO_Management\\.venv\\Lib\\site-packages\\anyio\\streams\\memory.py\", line 106, in receive_nowait\n    raise WouldBlock\nanyio.WouldBlock\n\nDuring handling of the above exception, another exception occurred:\n\nTraceback (most recent call last):\n  File \"C:\\Users\\rgoyal\\PycharmProjects\\NGO_Management\\.venv\\Lib\\site-packages\\anyio\\streams\\memory.py\", line 124, in receive\n    return receiver.item\n           ^^^^^^^^^^^^^\nAttributeError: 'MemoryObjectItemReceiver' object has no attribute 'item'\n\nDuring handling of the above exception, another exception occurred:\n\nTraceback (most recent call last):\n  File \"C:\\Users\\rgoyal\\PycharmProjects\\NGO_Management\\.venv\\Lib\\site-packages\\starlette\\middleware\\base.py\", line 157, in call_next\n    message = await recv_stream.receive()\n              ^^^^^^^^^^^^^^^^^^^^^^^^^^^\n  File \"C:\\Users\\rgoyal\\PycharmProjects\\NGO_Management\\.venv\\Lib\\site-packages\\anyio\\streams\\memory.py\", line 126, in receive\n    raise EndOfStream\nanyio.EndOfStream\n\nDuring handling of the above exception, another exception occurred:\n\nTraceback (most recent call last):\n  File \"C:\\Users\\rgoyal\\PycharmProjects\\NGO_Management\\.venv\\app\\middlewares\\logger_middleware.py\", line 234, in dispatch\n    response = await call_next(request)\n               ^^^^^^^^^^^^^^^^^^^^^^^^\n  File \"C:\\Users\\rgoyal\\PycharmProjects\\NGO_Management\\.venv\\Lib\\site-packages\\starlette\\middleware\\base.py\", line 163, in call_next\n    raise app_exc\n  File \"C:\\Users\\rgoyal\\PycharmProjects\\NGO_Management\\.venv\\Lib\\site-packages\\starlette\\middleware\\base.py\", line 149, in coro\n    await self.app(scope, receive_or_disconnect, send_no_error)\n  File \"C:\\Users\\rgoyal\\PycharmProjects\\NGO_Management\\.venv\\Lib\\site-packages\\starlette\\middleware\\base.py\", line 185, in __call__\n    with collapse_excgroups():\n         ~~~~~~~~~~~~~~~~~~^^\n  File \"C:\\Users\\rgoyal\\AppData\\Local\\Programs\\Python\\Python313\\Lib\\contextlib.py\", line 162, in __exit__\n    self.gen.throw(value)\n    ~~~~~~~~~~~~~~^^^^^^^\n  File \"C:\\Users\\rgoyal\\PycharmProjects\\NGO_Management\\.venv\\Lib\\site-packages\\starlette\\_utils.py\", line 82, in collapse_excgroups\n    raise exc\n  File \"C:\\Users\\rgoyal\\PycharmProjects\\NGO_Management\\.venv\\Lib\\site-packages\\starlette\\middleware\\base.py\", line 187, in __call__\n    response = await self.dispatch_func(request, call_next)\n               ^^^^^^^^^^^^^^^^^^^^^^^^^^^^^^^^^^^^^^^^^^^^\n  File \"C:\\Users\\rgoyal\\PycharmProjects\\NGO_Management\\.venv\\app\\middlewares\\logger_middleware.py\", line 32, in dispatch\n    user_data = get_user_from_context(request)\n                ^^^^^^^^^^^^^^^^^^^^^\nNameError: name 'get_user_from_context' is not defined\n",
    "request_method": "POST",
    "request_url": "http://127.0.0.1:5000/login",
    "request_remote_addr": "127.0.0.1",
    "request_headers": {
        "content-type": "application/json",
        "user-agent": "PostmanRuntime/7.43.0",
        "accept": "*/*",
        "postman-token": "5dc701b7-70e5-4aae-a6f5-639f3d70440e",
        "host": "127.0.0.1:5000",
        "accept-encoding": "gzip, deflate, br",
        "connection": "keep-alive",
        "content-length": "70"
    },
    "user_id": null,
    "user_role": null
} 
2024-12-26 10:09:29,395 - INFO - Request: {
    "timestamp": "2024-12-26 10:09:29",
    "method": "POST",
    "url": "http://127.0.0.1:5000/login",
    "remote_addr": "127.0.0.1",
    "headers": {
        "content-type": "application/json",
        "user-agent": "PostmanRuntime/7.43.0",
        "accept": "*/*",
        "postman-token": "0db64fd7-845b-4f3b-ad03-8fc474d92ab6",
        "host": "127.0.0.1:5000",
        "accept-encoding": "gzip, deflate, br",
        "connection": "keep-alive",
        "content-length": "70"
    },
    "query_params": {},
    "body": {
        "email": "localeyes22@gmail.com",
        "password": "****"
    },
    "user_agent": "PostmanRuntime/7.43.0",
    "user_id": null,
    "user_role": null
} 
2024-12-26 10:09:29,397 - INFO - {
    "timestamp": "2024-12-26 10:09:29",
    "method": "POST",
    "url": "http://127.0.0.1:5000/login",
    "remote_addr": "127.0.0.1",
    "headers": {
        "content-type": "application/json",
        "user-agent": "PostmanRuntime/7.43.0",
        "accept": "*/*",
        "postman-token": "0db64fd7-845b-4f3b-ad03-8fc474d92ab6",
        "host": "127.0.0.1:5000",
        "accept-encoding": "gzip, deflate, br",
        "connection": "keep-alive",
        "content-length": "70"
    },
    "query_params": {},
    "body": {
        "email": "localeyes22@gmail.com",
        "password": "****"
    },
    "user_agent": "PostmanRuntime/7.43.0",
    "user_id": "",
    "user_role": ""
} 
2024-12-26 10:09:34,364 - INFO - Response: {
    "timestamp": "2024-12-26 10:09:34",
    "status_code": 200,
    "method": "POST",
    "url": "http://127.0.0.1:5000/login",
    "response_data": "Unable to decode response body",
    "response_headers": {
        "content-length": "291",
        "content-type": "application/json"
    },
    "user_id": null,
    "user_role": null
} 
2024-12-26 10:11:56,234 - INFO - Request: {
    "timestamp": "2024-12-26 10:11:56",
    "method": "POST",
    "url": "http://127.0.0.1:5000/login",
    "remote_addr": "127.0.0.1",
    "headers": {
        "content-type": "application/json",
        "user-agent": "PostmanRuntime/7.43.0",
        "accept": "*/*",
        "postman-token": "ba03d3e2-62e5-4b48-a3a5-d87be355ff25",
        "host": "127.0.0.1:5000",
        "accept-encoding": "gzip, deflate, br",
        "connection": "keep-alive",
        "content-length": "70"
    },
    "query_params": {},
    "body": {
        "email": "localeyes22@gmail.com",
        "password": "****"
    },
    "user_agent": "PostmanRuntime/7.43.0",
    "user_id": null,
    "user_role": null
} 
2024-12-26 10:11:56,235 - INFO - {
    "timestamp": "2024-12-26 10:11:56",
    "method": "POST",
    "url": "http://127.0.0.1:5000/login",
    "remote_addr": "127.0.0.1",
    "headers": {
        "content-type": "application/json",
        "user-agent": "PostmanRuntime/7.43.0",
        "accept": "*/*",
        "postman-token": "ba03d3e2-62e5-4b48-a3a5-d87be355ff25",
        "host": "127.0.0.1:5000",
        "accept-encoding": "gzip, deflate, br",
        "connection": "keep-alive",
        "content-length": "70"
    },
    "query_params": {},
    "body": {
        "email": "localeyes22@gmail.com",
        "password": "****"
    },
    "user_agent": "PostmanRuntime/7.43.0",
    "user_id": "",
    "user_role": ""
} 
2024-12-26 10:12:00,656 - ERROR - Exception: {
    "timestamp": "2024-12-26 10:12:00",
    "error_message": "object dict can't be used in 'await' expression",
    "traceback": "Traceback (most recent call last):\n  File \"C:\\Users\\rgoyal\\PycharmProjects\\NGO_Management\\.venv\\Lib\\site-packages\\anyio\\streams\\memory.py\", line 111, in receive\n    return self.receive_nowait()\n           ~~~~~~~~~~~~~~~~~~~^^\n  File \"C:\\Users\\rgoyal\\PycharmProjects\\NGO_Management\\.venv\\Lib\\site-packages\\anyio\\streams\\memory.py\", line 106, in receive_nowait\n    raise WouldBlock\nanyio.WouldBlock\n\nDuring handling of the above exception, another exception occurred:\n\nTraceback (most recent call last):\n  File \"C:\\Users\\rgoyal\\PycharmProjects\\NGO_Management\\.venv\\Lib\\site-packages\\anyio\\streams\\memory.py\", line 124, in receive\n    return receiver.item\n           ^^^^^^^^^^^^^\nAttributeError: 'MemoryObjectItemReceiver' object has no attribute 'item'\n\nDuring handling of the above exception, another exception occurred:\n\nTraceback (most recent call last):\n  File \"C:\\Users\\rgoyal\\PycharmProjects\\NGO_Management\\.venv\\Lib\\site-packages\\starlette\\middleware\\base.py\", line 157, in call_next\n    message = await recv_stream.receive()\n              ^^^^^^^^^^^^^^^^^^^^^^^^^^^\n  File \"C:\\Users\\rgoyal\\PycharmProjects\\NGO_Management\\.venv\\Lib\\site-packages\\anyio\\streams\\memory.py\", line 126, in receive\n    raise EndOfStream\nanyio.EndOfStream\n\nDuring handling of the above exception, another exception occurred:\n\nTraceback (most recent call last):\n  File \"C:\\Users\\rgoyal\\PycharmProjects\\NGO_Management\\.venv\\app\\middlewares\\logger_middleware.py\", line 234, in dispatch\n    response = await call_next(request)\n               ^^^^^^^^^^^^^^^^^^^^^^^^\n  File \"C:\\Users\\rgoyal\\PycharmProjects\\NGO_Management\\.venv\\Lib\\site-packages\\starlette\\middleware\\base.py\", line 163, in call_next\n    raise app_exc\n  File \"C:\\Users\\rgoyal\\PycharmProjects\\NGO_Management\\.venv\\Lib\\site-packages\\starlette\\middleware\\base.py\", line 149, in coro\n    await self.app(scope, receive_or_disconnect, send_no_error)\n  File \"C:\\Users\\rgoyal\\PycharmProjects\\NGO_Management\\.venv\\Lib\\site-packages\\starlette\\middleware\\base.py\", line 185, in __call__\n    with collapse_excgroups():\n         ~~~~~~~~~~~~~~~~~~^^\n  File \"C:\\Users\\rgoyal\\AppData\\Local\\Programs\\Python\\Python313\\Lib\\contextlib.py\", line 162, in __exit__\n    self.gen.throw(value)\n    ~~~~~~~~~~~~~~^^^^^^^\n  File \"C:\\Users\\rgoyal\\PycharmProjects\\NGO_Management\\.venv\\Lib\\site-packages\\starlette\\_utils.py\", line 82, in collapse_excgroups\n    raise exc\n  File \"C:\\Users\\rgoyal\\PycharmProjects\\NGO_Management\\.venv\\Lib\\site-packages\\starlette\\middleware\\base.py\", line 187, in __call__\n    response = await self.dispatch_func(request, call_next)\n               ^^^^^^^^^^^^^^^^^^^^^^^^^^^^^^^^^^^^^^^^^^^^\n  File \"C:\\Users\\rgoyal\\PycharmProjects\\NGO_Management\\.venv\\app\\middlewares\\logger_middleware.py\", line 51, in dispatch\n    response = await call_next(request)\n               ^^^^^^^^^^^^^^^^^^^^^^^^\n  File \"C:\\Users\\rgoyal\\PycharmProjects\\NGO_Management\\.venv\\Lib\\site-packages\\starlette\\middleware\\base.py\", line 163, in call_next\n    raise app_exc\n  File \"C:\\Users\\rgoyal\\PycharmProjects\\NGO_Management\\.venv\\Lib\\site-packages\\starlette\\middleware\\base.py\", line 149, in coro\n    await self.app(scope, receive_or_disconnect, send_no_error)\n  File \"C:\\Users\\rgoyal\\PycharmProjects\\NGO_Management\\.venv\\Lib\\site-packages\\starlette\\middleware\\base.py\", line 185, in __call__\n    with collapse_excgroups():\n         ~~~~~~~~~~~~~~~~~~^^\n  File \"C:\\Users\\rgoyal\\AppData\\Local\\Programs\\Python\\Python313\\Lib\\contextlib.py\", line 162, in __exit__\n    self.gen.throw(value)\n    ~~~~~~~~~~~~~~^^^^^^^\n  File \"C:\\Users\\rgoyal\\PycharmProjects\\NGO_Management\\.venv\\Lib\\site-packages\\starlette\\_utils.py\", line 82, in collapse_excgroups\n    raise exc\n  File \"C:\\Users\\rgoyal\\PycharmProjects\\NGO_Management\\.venv\\Lib\\site-packages\\starlette\\middleware\\base.py\", line 187, in __call__\n    response = await self.dispatch_func(request, call_next)\n               ^^^^^^^^^^^^^^^^^^^^^^^^^^^^^^^^^^^^^^^^^^^^\n  File \"C:\\Users\\rgoyal\\PycharmProjects\\NGO_Management\\.venv\\app\\middlewares\\auth_middleware.py\", line 17, in dispatch\n    return await call_next(request)\n           ^^^^^^^^^^^^^^^^^^^^^^^^\n  File \"C:\\Users\\rgoyal\\PycharmProjects\\NGO_Management\\.venv\\Lib\\site-packages\\starlette\\middleware\\base.py\", line 163, in call_next\n    raise app_exc\n  File \"C:\\Users\\rgoyal\\PycharmProjects\\NGO_Management\\.venv\\Lib\\site-packages\\starlette\\middleware\\base.py\", line 149, in coro\n    await self.app(scope, receive_or_disconnect, send_no_error)\n  File \"C:\\Users\\rgoyal\\PycharmProjects\\NGO_Management\\.venv\\Lib\\site-packages\\starlette\\middleware\\exceptions.py\", line 62, in __call__\n    await wrap_app_handling_exceptions(self.app, conn)(scope, receive, send)\n  File \"C:\\Users\\rgoyal\\PycharmProjects\\NGO_Management\\.venv\\Lib\\site-packages\\starlette\\_exception_handler.py\", line 53, in wrapped_app\n    raise exc\n  File \"C:\\Users\\rgoyal\\PycharmProjects\\NGO_Management\\.venv\\Lib\\site-packages\\starlette\\_exception_handler.py\", line 42, in wrapped_app\n    await app(scope, receive, sender)\n  File \"C:\\Users\\rgoyal\\PycharmProjects\\NGO_Management\\.venv\\Lib\\site-packages\\starlette\\routing.py\", line 715, in __call__\n    await self.middleware_stack(scope, receive, send)\n  File \"C:\\Users\\rgoyal\\PycharmProjects\\NGO_Management\\.venv\\Lib\\site-packages\\starlette\\routing.py\", line 735, in app\n    await route.handle(scope, receive, send)\n  File \"C:\\Users\\rgoyal\\PycharmProjects\\NGO_Management\\.venv\\Lib\\site-packages\\starlette\\routing.py\", line 288, in handle\n    await self.app(scope, receive, send)\n  File \"C:\\Users\\rgoyal\\PycharmProjects\\NGO_Management\\.venv\\Lib\\site-packages\\starlette\\routing.py\", line 76, in app\n    await wrap_app_handling_exceptions(app, request)(scope, receive, send)\n  File \"C:\\Users\\rgoyal\\PycharmProjects\\NGO_Management\\.venv\\Lib\\site-packages\\starlette\\_exception_handler.py\", line 53, in wrapped_app\n    raise exc\n  File \"C:\\Users\\rgoyal\\PycharmProjects\\NGO_Management\\.venv\\Lib\\site-packages\\starlette\\_exception_handler.py\", line 42, in wrapped_app\n    await app(scope, receive, sender)\n  File \"C:\\Users\\rgoyal\\PycharmProjects\\NGO_Management\\.venv\\Lib\\site-packages\\starlette\\routing.py\", line 73, in app\n    response = await f(request)\n               ^^^^^^^^^^^^^^^^\n  File \"C:\\Users\\rgoyal\\PycharmProjects\\NGO_Management\\.venv\\Lib\\site-packages\\fastapi\\routing.py\", line 301, in app\n    raw_response = await run_endpoint_function(\n                   ^^^^^^^^^^^^^^^^^^^^^^^^^^^^\n    ...<3 lines>...\n    )\n    ^\n  File \"C:\\Users\\rgoyal\\PycharmProjects\\NGO_Management\\.venv\\Lib\\site-packages\\fastapi\\routing.py\", line 212, in run_endpoint_function\n    return await dependant.call(**values)\n           ^^^^^^^^^^^^^^^^^^^^^^^^^^^^^^\n  File \"C:\\Users\\rgoyal\\PycharmProjects\\NGO_Management\\.venv\\app\\routes\\donor_routes.py\", line 19, in login\n    return await self.handler.login(user)\n           ^^^^^^^^^^^^^^^^^^^^^^^^^^^^^^\nTypeError: object dict can't be used in 'await' expression\n",
    "request_method": "POST",
    "request_url": "http://127.0.0.1:5000/login",
    "request_remote_addr": "127.0.0.1",
    "request_headers": {
        "content-type": "application/json",
        "user-agent": "PostmanRuntime/7.43.0",
        "accept": "*/*",
        "postman-token": "ba03d3e2-62e5-4b48-a3a5-d87be355ff25",
        "host": "127.0.0.1:5000",
        "accept-encoding": "gzip, deflate, br",
        "connection": "keep-alive",
        "content-length": "70"
    },
    "user_id": null,
    "user_role": null
} 
2024-12-26 10:30:03,513 - INFO - Request: {
    "timestamp": "2024-12-26 10:30:03",
    "method": "POST",
    "url": "http://127.0.0.1:5000/login",
    "remote_addr": "127.0.0.1",
    "headers": {
        "content-type": "application/json",
        "user-agent": "PostmanRuntime/7.43.0",
        "accept": "*/*",
        "postman-token": "de9398a3-f8a1-4c03-a80e-5e0d65ce4480",
        "host": "127.0.0.1:5000",
        "accept-encoding": "gzip, deflate, br",
        "connection": "keep-alive",
        "content-length": "70"
    },
    "query_params": {},
    "body": {
        "email": "localeyes22@gmail.com",
        "password": "****"
    },
    "user_agent": "PostmanRuntime/7.43.0",
    "user_id": null,
    "user_role": null
} 
2024-12-26 10:30:08,168 - ERROR - Exception: {
    "timestamp": "2024-12-26 10:30:08",
    "error_message": "object JSONResponse can't be used in 'await' expression",
    "traceback": "Traceback (most recent call last):\n  File \"C:\\Users\\rgoyal\\PycharmProjects\\NGO_Management\\.venv\\Lib\\site-packages\\anyio\\streams\\memory.py\", line 111, in receive\n    return self.receive_nowait()\n           ~~~~~~~~~~~~~~~~~~~^^\n  File \"C:\\Users\\rgoyal\\PycharmProjects\\NGO_Management\\.venv\\Lib\\site-packages\\anyio\\streams\\memory.py\", line 106, in receive_nowait\n    raise WouldBlock\nanyio.WouldBlock\n\nDuring handling of the above exception, another exception occurred:\n\nTraceback (most recent call last):\n  File \"C:\\Users\\rgoyal\\PycharmProjects\\NGO_Management\\.venv\\Lib\\site-packages\\anyio\\streams\\memory.py\", line 124, in receive\n    return receiver.item\n           ^^^^^^^^^^^^^\nAttributeError: 'MemoryObjectItemReceiver' object has no attribute 'item'\n\nDuring handling of the above exception, another exception occurred:\n\nTraceback (most recent call last):\n  File \"C:\\Users\\rgoyal\\PycharmProjects\\NGO_Management\\.venv\\Lib\\site-packages\\starlette\\middleware\\base.py\", line 157, in call_next\n    message = await recv_stream.receive()\n              ^^^^^^^^^^^^^^^^^^^^^^^^^^^\n  File \"C:\\Users\\rgoyal\\PycharmProjects\\NGO_Management\\.venv\\Lib\\site-packages\\anyio\\streams\\memory.py\", line 126, in receive\n    raise EndOfStream\nanyio.EndOfStream\n\nDuring handling of the above exception, another exception occurred:\n\nTraceback (most recent call last):\n  File \"C:\\Users\\rgoyal\\PycharmProjects\\NGO_Management\\.venv\\app\\middlewares\\logger_middleware.py\", line 214, in dispatch\n    response = await call_next(request)\n               ^^^^^^^^^^^^^^^^^^^^^^^^\n  File \"C:\\Users\\rgoyal\\PycharmProjects\\NGO_Management\\.venv\\Lib\\site-packages\\starlette\\middleware\\base.py\", line 163, in call_next\n    raise app_exc\n  File \"C:\\Users\\rgoyal\\PycharmProjects\\NGO_Management\\.venv\\Lib\\site-packages\\starlette\\middleware\\base.py\", line 149, in coro\n    await self.app(scope, receive_or_disconnect, send_no_error)\n  File \"C:\\Users\\rgoyal\\PycharmProjects\\NGO_Management\\.venv\\Lib\\site-packages\\starlette\\middleware\\base.py\", line 185, in __call__\n    with collapse_excgroups():\n         ~~~~~~~~~~~~~~~~~~^^\n  File \"C:\\Users\\rgoyal\\AppData\\Local\\Programs\\Python\\Python313\\Lib\\contextlib.py\", line 162, in __exit__\n    self.gen.throw(value)\n    ~~~~~~~~~~~~~~^^^^^^^\n  File \"C:\\Users\\rgoyal\\PycharmProjects\\NGO_Management\\.venv\\Lib\\site-packages\\starlette\\_utils.py\", line 82, in collapse_excgroups\n    raise exc\n  File \"C:\\Users\\rgoyal\\PycharmProjects\\NGO_Management\\.venv\\Lib\\site-packages\\starlette\\middleware\\base.py\", line 187, in __call__\n    response = await self.dispatch_func(request, call_next)\n               ^^^^^^^^^^^^^^^^^^^^^^^^^^^^^^^^^^^^^^^^^^^^\n  File \"C:\\Users\\rgoyal\\PycharmProjects\\NGO_Management\\.venv\\app\\middlewares\\auth_middleware.py\", line 17, in dispatch\n    return await call_next(request)\n           ^^^^^^^^^^^^^^^^^^^^^^^^\n  File \"C:\\Users\\rgoyal\\PycharmProjects\\NGO_Management\\.venv\\Lib\\site-packages\\starlette\\middleware\\base.py\", line 163, in call_next\n    raise app_exc\n  File \"C:\\Users\\rgoyal\\PycharmProjects\\NGO_Management\\.venv\\Lib\\site-packages\\starlette\\middleware\\base.py\", line 149, in coro\n    await self.app(scope, receive_or_disconnect, send_no_error)\n  File \"C:\\Users\\rgoyal\\PycharmProjects\\NGO_Management\\.venv\\Lib\\site-packages\\starlette\\middleware\\exceptions.py\", line 62, in __call__\n    await wrap_app_handling_exceptions(self.app, conn)(scope, receive, send)\n  File \"C:\\Users\\rgoyal\\PycharmProjects\\NGO_Management\\.venv\\Lib\\site-packages\\starlette\\_exception_handler.py\", line 53, in wrapped_app\n    raise exc\n  File \"C:\\Users\\rgoyal\\PycharmProjects\\NGO_Management\\.venv\\Lib\\site-packages\\starlette\\_exception_handler.py\", line 42, in wrapped_app\n    await app(scope, receive, sender)\n  File \"C:\\Users\\rgoyal\\PycharmProjects\\NGO_Management\\.venv\\Lib\\site-packages\\starlette\\routing.py\", line 715, in __call__\n    await self.middleware_stack(scope, receive, send)\n  File \"C:\\Users\\rgoyal\\PycharmProjects\\NGO_Management\\.venv\\Lib\\site-packages\\starlette\\routing.py\", line 735, in app\n    await route.handle(scope, receive, send)\n  File \"C:\\Users\\rgoyal\\PycharmProjects\\NGO_Management\\.venv\\Lib\\site-packages\\starlette\\routing.py\", line 288, in handle\n    await self.app(scope, receive, send)\n  File \"C:\\Users\\rgoyal\\PycharmProjects\\NGO_Management\\.venv\\Lib\\site-packages\\starlette\\routing.py\", line 76, in app\n    await wrap_app_handling_exceptions(app, request)(scope, receive, send)\n  File \"C:\\Users\\rgoyal\\PycharmProjects\\NGO_Management\\.venv\\Lib\\site-packages\\starlette\\_exception_handler.py\", line 53, in wrapped_app\n    raise exc\n  File \"C:\\Users\\rgoyal\\PycharmProjects\\NGO_Management\\.venv\\Lib\\site-packages\\starlette\\_exception_handler.py\", line 42, in wrapped_app\n    await app(scope, receive, sender)\n  File \"C:\\Users\\rgoyal\\PycharmProjects\\NGO_Management\\.venv\\Lib\\site-packages\\starlette\\routing.py\", line 73, in app\n    response = await f(request)\n               ^^^^^^^^^^^^^^^^\n  File \"C:\\Users\\rgoyal\\PycharmProjects\\NGO_Management\\.venv\\Lib\\site-packages\\fastapi\\routing.py\", line 301, in app\n    raw_response = await run_endpoint_function(\n                   ^^^^^^^^^^^^^^^^^^^^^^^^^^^^\n    ...<3 lines>...\n    )\n    ^\n  File \"C:\\Users\\rgoyal\\PycharmProjects\\NGO_Management\\.venv\\Lib\\site-packages\\fastapi\\routing.py\", line 212, in run_endpoint_function\n    return await dependant.call(**values)\n           ^^^^^^^^^^^^^^^^^^^^^^^^^^^^^^\n  File \"C:\\Users\\rgoyal\\PycharmProjects\\NGO_Management\\.venv\\app\\routes\\donor_routes.py\", line 19, in login\n    return await self.handler.login(user)\n           ^^^^^^^^^^^^^^^^^^^^^^^^^^^^^^\nTypeError: object JSONResponse can't be used in 'await' expression\n",
    "request_method": "POST",
    "request_url": "http://127.0.0.1:5000/login",
    "request_remote_addr": "127.0.0.1",
    "request_headers": {
        "content-type": "application/json",
        "user-agent": "PostmanRuntime/7.43.0",
        "accept": "*/*",
        "postman-token": "de9398a3-f8a1-4c03-a80e-5e0d65ce4480",
        "host": "127.0.0.1:5000",
        "accept-encoding": "gzip, deflate, br",
        "connection": "keep-alive",
        "content-length": "70"
    },
    "user_id": null,
    "user_role": null
} 
2024-12-26 10:30:34,489 - INFO - Request: {
    "timestamp": "2024-12-26 10:30:34",
    "method": "POST",
    "url": "http://127.0.0.1:5000/login",
    "remote_addr": "127.0.0.1",
    "headers": {
        "content-type": "application/json",
        "user-agent": "PostmanRuntime/7.43.0",
        "accept": "*/*",
        "postman-token": "aea08520-5da7-4942-b5db-1dcf8a9d2f70",
        "host": "127.0.0.1:5000",
        "accept-encoding": "gzip, deflate, br",
        "connection": "keep-alive",
        "content-length": "70"
    },
    "query_params": {},
    "body": {
        "email": "localeyes22@gmail.com",
        "password": "****"
    },
    "user_agent": "PostmanRuntime/7.43.0",
    "user_id": null,
    "user_role": null
} 
2024-12-26 10:30:38,857 - INFO - Response: {
    "timestamp": "2024-12-26 10:30:38",
    "status_code": 200,
    "method": "POST",
    "url": "http://127.0.0.1:5000/login",
    "response_data": "Unable to decode response body",
    "response_headers": {
        "content-length": "291",
        "content-type": "application/json"
    },
    "user_id": null,
    "user_role": null
} 
2024-12-26 10:38:38,299 - INFO - Request: {
    "timestamp": "2024-12-26 10:38:38",
    "method": "POST",
    "url": "http://127.0.0.1:5000/login",
    "remote_addr": "127.0.0.1",
    "headers": {
        "content-type": "application/json",
        "user-agent": "PostmanRuntime/7.43.0",
        "accept": "*/*",
        "postman-token": "edcd979d-be61-40c7-b6bb-055b42b0bec7",
        "host": "127.0.0.1:5000",
        "accept-encoding": "gzip, deflate, br",
        "connection": "keep-alive",
        "content-length": "70"
    },
    "query_params": {},
    "body": {
        "email": "localeyes22@gmail.com",
        "password": "****"
    },
    "user_agent": "PostmanRuntime/7.43.0",
    "user_id": null,
    "user_role": null
} 
2024-12-26 10:38:43,138 - INFO - Response: {
    "timestamp": "2024-12-26 10:38:43",
    "status_code": 200,
    "method": "POST",
    "url": "http://127.0.0.1:5000/login",
    "response_data": "Unable to decode response body",
    "response_headers": {
        "content-length": "291",
        "content-type": "application/json"
    },
    "user_id": null,
    "user_role": null
} 
2024-12-26 10:44:46,221 - INFO - Request: {
    "timestamp": "2024-12-26 10:44:46",
    "method": "POST",
    "url": "http://127.0.0.1:5000/login",
    "remote_addr": "127.0.0.1",
    "headers": {
        "content-type": "application/json",
        "user-agent": "PostmanRuntime/7.43.0",
        "accept": "*/*",
        "postman-token": "a7795b39-2494-4bc4-a7c0-174a70ca844e",
        "host": "127.0.0.1:5000",
        "accept-encoding": "gzip, deflate, br",
        "connection": "keep-alive",
        "content-length": "70"
    },
    "query_params": {},
    "body": {
        "email": "localeyes22@gmail.com",
        "password": "****"
    },
    "user_agent": "PostmanRuntime/7.43.0",
    "user_id": null,
    "user_role": null
} 
2024-12-26 10:44:50,793 - INFO - Response: {
    "timestamp": "2024-12-26 10:44:50",
    "status_code": 200,
    "method": "POST",
    "url": "http://127.0.0.1:5000/login",
    "response_data": "Unable to decode response body",
    "response_headers": {
        "content-length": "291",
        "content-type": "application/json"
    },
    "user_id": null,
    "user_role": null
} 
2024-12-26 10:45:38,736 - INFO - Request: {
    "timestamp": "2024-12-26 10:45:38",
    "method": "POST",
    "url": "http://127.0.0.1:5000/login",
    "remote_addr": "127.0.0.1",
    "headers": {
        "content-type": "application/json",
        "user-agent": "PostmanRuntime/7.43.0",
        "accept": "*/*",
        "postman-token": "c98cd9dc-72b7-4acf-8672-f5e5d888ead7",
        "host": "127.0.0.1:5000",
        "accept-encoding": "gzip, deflate, br",
        "connection": "keep-alive",
        "content-length": "70"
    },
    "query_params": {},
    "body": {
        "email": "localeyes22@gmail.com",
        "password": "****"
    },
    "user_agent": "PostmanRuntime/7.43.0",
    "user_id": null,
    "user_role": null
} 
2024-12-26 10:45:43,092 - INFO - Response: {
    "timestamp": "2024-12-26 10:45:43",
    "status_code": 200,
    "method": "POST",
    "url": "http://127.0.0.1:5000/login",
    "response_data": "Unable to decode response body",
    "response_headers": {
        "content-length": "291",
        "content-type": "application/json"
    },
    "user_id": null,
    "user_role": null
} 
2024-12-26 10:46:49,282 - INFO - Request: {
    "timestamp": "2024-12-26 10:46:49",
    "method": "POST",
    "url": "http://127.0.0.1:5000/login",
    "remote_addr": "127.0.0.1",
    "headers": {
        "content-type": "application/json",
        "user-agent": "PostmanRuntime/7.43.0",
        "accept": "*/*",
        "postman-token": "153a0b1a-4338-40d7-ba51-0532c503f92d",
        "host": "127.0.0.1:5000",
        "accept-encoding": "gzip, deflate, br",
        "connection": "keep-alive",
        "content-length": "70"
    },
    "query_params": {},
    "body": {
        "email": "localeyes22@gmail.com",
        "password": "****"
    },
    "user_agent": "PostmanRuntime/7.43.0",
    "user_id": null,
    "user_role": null
} 
2024-12-26 10:46:53,660 - INFO - Response: {
    "timestamp": "2024-12-26 10:46:53",
    "status_code": 200,
    "method": "POST",
    "url": "http://127.0.0.1:5000/login",
    "response_data": "Unable to decode response body",
    "response_headers": {
        "content-length": "291",
        "content-type": "application/json"
    },
    "user_id": null,
    "user_role": null
} 
2024-12-26 11:14:51,999 - INFO - Request: {
    "timestamp": "2024-12-26 11:14:51",
    "method": "GET",
    "url": "http://127.0.0.1:5000/profile",
    "remote_addr": "127.0.0.1",
    "headers": {
        "authorization": "Bearer eyJhbGciOiJIUzI1NiIsInR5cCI6IkpXVCJ9.eyJ1c2VyX2lkIjoiODcyY2ExYjgtM2E2Yi00NTMwLWE4NmYtN2U3M2NjMzRmNWYyIiwiZW1haWwiOiJsb2NhbGV5ZXMyMkBnbWFpbC5jb20iLCJyb2xlIjoiYWRtaW4iLCJleHAiOjE3MzUxOTM4MTN9.-LO_QRhmSxQJ-8YYXfv6s2sPwNS9txSilbp0-T3Fwrw",
        "user-agent": "PostmanRuntime/7.43.0",
        "accept": "*/*",
        "postman-token": "908dd5c7-432e-4aac-b4b7-5bc17aeadfb6",
        "host": "127.0.0.1:5000",
        "accept-encoding": "gzip, deflate, br",
        "connection": "keep-alive"
    },
    "query_params": {},
    "body": {},
    "user_agent": "PostmanRuntime/7.43.0",
    "user_id": null,
    "user_role": null
} 
2024-12-26 11:14:52,001 - INFO - Response: {
    "timestamp": "2024-12-26 11:14:52",
    "status_code": 200,
    "method": "GET",
    "url": "http://127.0.0.1:5000/profile",
    "response_data": "Unable to decode response body",
    "response_headers": {
        "content-length": "236",
        "content-type": "application/json"
    },
    "user_id": null,
    "user_role": null
} 
2024-12-26 11:16:25,055 - INFO - Request: {
    "timestamp": "2024-12-26 11:16:25",
    "method": "GET",
    "url": "http://127.0.0.1:5000/profile",
    "remote_addr": "127.0.0.1",
    "headers": {
        "authorization": "Bearer eyJhbGciOiJIUzI1NiIsInR5cCI6IkpXVCJ9.eyJ1c2VyX2lkIjoiODcyY2ExYjgtM2E2Yi00NTMwLWE4NmYtN2U3M2NjMzRmNWYyIiwiZW1haWwiOiJsb2NhbGV5ZXMyMkBnbWFpbC5jb20iLCJyb2xlIjoiYWRtaW4iLCJleHAiOjE3MzUxOTM4MTN9.-LO_QRhmSxQJ-8YYXfv6s2sPwNS9txSilbp0-T3Fwrw",
        "user-agent": "PostmanRuntime/7.43.0",
        "accept": "*/*",
        "postman-token": "f21409dd-69f8-4494-91f9-e6f4f91fd459",
        "host": "127.0.0.1:5000",
        "accept-encoding": "gzip, deflate, br",
        "connection": "keep-alive"
    },
    "query_params": {},
    "body": {},
    "user_agent": "PostmanRuntime/7.43.0",
    "user_id": "",
    "user_role": ""
} 
2024-12-26 11:16:25,057 - INFO - Response: {
    "timestamp": "2024-12-26 11:16:25",
    "status_code": 200,
    "method": "GET",
    "url": "http://127.0.0.1:5000/profile",
    "response_data": "Unable to decode response body",
    "response_headers": {
        "content-length": "236",
        "content-type": "application/json"
    },
    "user_id": null,
    "user_role": null
} 
2024-12-26 11:17:42,256 - INFO - {
    "timestamp": "2024-12-26 11:17:42",
    "method": "GET",
    "url": "http://127.0.0.1:5000/profile",
    "remote_addr": "127.0.0.1",
    "headers": {
        "authorization": "Bearer eyJhbGciOiJIUzI1NiIsInR5cCI6IkpXVCJ9.eyJ1c2VyX2lkIjoiODcyY2ExYjgtM2E2Yi00NTMwLWE4NmYtN2U3M2NjMzRmNWYyIiwiZW1haWwiOiJsb2NhbGV5ZXMyMkBnbWFpbC5jb20iLCJyb2xlIjoiYWRtaW4iLCJleHAiOjE3MzUxOTM4MTN9.-LO_QRhmSxQJ-8YYXfv6s2sPwNS9txSilbp0-T3Fwrw",
        "user-agent": "PostmanRuntime/7.43.0",
        "accept": "*/*",
        "postman-token": "35e2a630-3636-4ed5-a2ec-e730094b1f36",
        "host": "127.0.0.1:5000",
        "accept-encoding": "gzip, deflate, br",
        "connection": "keep-alive"
    },
    "query_params": {},
    "body": {},
    "user_agent": "PostmanRuntime/7.43.0",
    "user_id": "",
    "user_role": ""
} 
2024-12-26 11:17:42,258 - INFO - Request: {
    "timestamp": "2024-12-26 11:17:42",
    "method": "GET",
    "url": "http://127.0.0.1:5000/profile",
    "remote_addr": "127.0.0.1",
    "headers": {
        "authorization": "Bearer eyJhbGciOiJIUzI1NiIsInR5cCI6IkpXVCJ9.eyJ1c2VyX2lkIjoiODcyY2ExYjgtM2E2Yi00NTMwLWE4NmYtN2U3M2NjMzRmNWYyIiwiZW1haWwiOiJsb2NhbGV5ZXMyMkBnbWFpbC5jb20iLCJyb2xlIjoiYWRtaW4iLCJleHAiOjE3MzUxOTM4MTN9.-LO_QRhmSxQJ-8YYXfv6s2sPwNS9txSilbp0-T3Fwrw",
        "user-agent": "PostmanRuntime/7.43.0",
        "accept": "*/*",
        "postman-token": "35e2a630-3636-4ed5-a2ec-e730094b1f36",
        "host": "127.0.0.1:5000",
        "accept-encoding": "gzip, deflate, br",
        "connection": "keep-alive"
    },
    "query_params": {},
    "body": {},
    "user_agent": "PostmanRuntime/7.43.0",
    "user_id": "",
    "user_role": ""
} 
2024-12-26 11:17:42,260 - INFO - Response: {
    "timestamp": "2024-12-26 11:17:42",
    "status_code": 200,
    "method": "GET",
    "url": "http://127.0.0.1:5000/profile",
    "response_data": "Unable to decode response body",
    "response_headers": {
        "content-length": "236",
        "content-type": "application/json"
    },
    "user_id": null,
    "user_role": null
} 
2024-12-26 11:20:50,930 - ERROR - Exception: {
    "timestamp": "2024-12-26 11:20:50",
    "error_message": "'State' object has no attribute 'user'",
    "traceback": "Traceback (most recent call last):\n  File \"C:\\Users\\rgoyal\\PycharmProjects\\NGO_Management\\.venv\\Lib\\site-packages\\starlette\\datastructures.py\", line 673, in __getattr__\n    return self._state[key]\n           ~~~~~~~~~~~^^^^^\nKeyError: 'user'\n\nDuring handling of the above exception, another exception occurred:\n\nTraceback (most recent call last):\n  File \"C:\\Users\\rgoyal\\PycharmProjects\\NGO_Management\\.venv\\app\\middlewares\\logger_middleware.py\", line 214, in dispatch\n    await self.log_request(request, user_id, user_role)\n  File \"C:\\Users\\rgoyal\\PycharmProjects\\NGO_Management\\.venv\\app\\middlewares\\logger_middleware.py\", line 158, in log_request\n    user_data = get_user_from_context(request)\n  File \"C:\\Users\\rgoyal\\PycharmProjects\\NGO_Management\\.venv\\app\\utils\\utilities\\context.py\", line 6, in get_user_from_context\n    print(request.state.user)\n          ^^^^^^^^^^^^^^^^^^\n  File \"C:\\Users\\rgoyal\\PycharmProjects\\NGO_Management\\.venv\\Lib\\site-packages\\starlette\\datastructures.py\", line 676, in __getattr__\n    raise AttributeError(message.format(self.__class__.__name__, key))\nAttributeError: 'State' object has no attribute 'user'\n",
    "request_method": "GET",
    "request_url": "http://127.0.0.1:5000/profile",
    "request_remote_addr": "127.0.0.1",
    "request_headers": {
        "authorization": "Bearer eyJhbGciOiJIUzI1NiIsInR5cCI6IkpXVCJ9.eyJ1c2VyX2lkIjoiODcyY2ExYjgtM2E2Yi00NTMwLWE4NmYtN2U3M2NjMzRmNWYyIiwiZW1haWwiOiJsb2NhbGV5ZXMyMkBnbWFpbC5jb20iLCJyb2xlIjoiYWRtaW4iLCJleHAiOjE3MzUxOTM4MTN9.-LO_QRhmSxQJ-8YYXfv6s2sPwNS9txSilbp0-T3Fwrw",
        "user-agent": "PostmanRuntime/7.43.0",
        "accept": "*/*",
        "postman-token": "d1671f7e-31c3-4db8-b597-8fa4a3fb6c90",
        "host": "127.0.0.1:5000",
        "accept-encoding": "gzip, deflate, br",
        "connection": "keep-alive"
    },
    "user_id": null,
    "user_role": null
} 
2024-12-26 11:21:56,146 - INFO - Request: {
    "timestamp": "2024-12-26 11:21:56",
    "method": "GET",
    "url": "http://127.0.0.1:5000/profile",
    "remote_addr": "127.0.0.1",
    "headers": {
        "authorization": "Bearer eyJhbGciOiJIUzI1NiIsInR5cCI6IkpXVCJ9.eyJ1c2VyX2lkIjoiODcyY2ExYjgtM2E2Yi00NTMwLWE4NmYtN2U3M2NjMzRmNWYyIiwiZW1haWwiOiJsb2NhbGV5ZXMyMkBnbWFpbC5jb20iLCJyb2xlIjoiYWRtaW4iLCJleHAiOjE3MzUxOTM4MTN9.-LO_QRhmSxQJ-8YYXfv6s2sPwNS9txSilbp0-T3Fwrw",
        "user-agent": "PostmanRuntime/7.43.0",
        "accept": "*/*",
        "postman-token": "0f7724fa-f344-4290-b13d-7b1b4823285b",
        "host": "127.0.0.1:5000",
        "accept-encoding": "gzip, deflate, br",
        "connection": "keep-alive"
    },
    "query_params": {},
    "body": {},
    "user_agent": "PostmanRuntime/7.43.0",
    "user_id": "",
    "user_role": ""
} 
2024-12-26 11:21:56,149 - INFO - Response: {
    "timestamp": "2024-12-26 11:21:56",
    "status_code": 200,
    "method": "GET",
    "url": "http://127.0.0.1:5000/profile",
    "response_data": "Unable to decode response body",
    "response_headers": {
        "content-length": "236",
        "content-type": "application/json"
    },
    "user_id": null,
    "user_role": null
} 
2024-12-26 11:23:03,183 - INFO - Request: {
    "timestamp": "2024-12-26 11:23:03",
    "method": "GET",
    "url": "http://127.0.0.1:5000/profile",
    "remote_addr": "127.0.0.1",
    "headers": {
        "authorization": "Bearer eyJhbGciOiJIUzI1NiIsInR5cCI6IkpXVCJ9.eyJ1c2VyX2lkIjoiODcyY2ExYjgtM2E2Yi00NTMwLWE4NmYtN2U3M2NjMzRmNWYyIiwiZW1haWwiOiJsb2NhbGV5ZXMyMkBnbWFpbC5jb20iLCJyb2xlIjoiYWRtaW4iLCJleHAiOjE3MzUxOTM4MTN9.-LO_QRhmSxQJ-8YYXfv6s2sPwNS9txSilbp0-T3Fwrw",
        "user-agent": "PostmanRuntime/7.43.0",
        "accept": "*/*",
        "postman-token": "ddc2b1ac-77d0-40dd-82c9-d8dd85cc3d69",
        "host": "127.0.0.1:5000",
        "accept-encoding": "gzip, deflate, br",
        "connection": "keep-alive"
    },
    "query_params": {},
    "body": {},
    "user_agent": "PostmanRuntime/7.43.0",
    "user_id": "",
    "user_role": ""
} 
2024-12-26 11:23:03,184 - INFO - Response: {
    "timestamp": "2024-12-26 11:23:03",
    "status_code": 200,
    "method": "GET",
    "url": "http://127.0.0.1:5000/profile",
    "response_data": "Unable to decode response body",
    "response_headers": {
        "content-length": "236",
        "content-type": "application/json"
    },
    "user_id": null,
    "user_role": null
} 
2024-12-26 11:23:47,053 - INFO - Request: {
    "timestamp": "2024-12-26 11:23:47",
    "method": "GET",
    "url": "http://127.0.0.1:5000/profile",
    "remote_addr": "127.0.0.1",
    "headers": {
        "authorization": "Bearer eyJhbGciOiJIUzI1NiIsInR5cCI6IkpXVCJ9.eyJ1c2VyX2lkIjoiODcyY2ExYjgtM2E2Yi00NTMwLWE4NmYtN2U3M2NjMzRmNWYyIiwiZW1haWwiOiJsb2NhbGV5ZXMyMkBnbWFpbC5jb20iLCJyb2xlIjoiYWRtaW4iLCJleHAiOjE3MzUxOTM4MTN9.-LO_QRhmSxQJ-8YYXfv6s2sPwNS9txSilbp0-T3Fwrw",
        "user-agent": "PostmanRuntime/7.43.0",
        "accept": "*/*",
        "postman-token": "eed406bc-88d3-46e3-a9d7-fb04bccf9a5e",
        "host": "127.0.0.1:5000",
        "accept-encoding": "gzip, deflate, br",
        "connection": "keep-alive"
    },
    "query_params": {},
    "body": {},
    "user_agent": "PostmanRuntime/7.43.0",
    "user_id": "",
    "user_role": ""
} 
2024-12-26 11:23:47,054 - INFO - Response: {
    "timestamp": "2024-12-26 11:23:47",
    "status_code": 200,
    "method": "GET",
    "url": "http://127.0.0.1:5000/profile",
    "response_data": "Unable to decode response body",
    "response_headers": {
        "content-length": "236",
        "content-type": "application/json"
    },
    "user_id": null,
    "user_role": null
} 
2024-12-26 11:24:04,120 - INFO - Request: {
    "timestamp": "2024-12-26 11:24:04",
    "method": "GET",
    "url": "http://127.0.0.1:5000/profile",
    "remote_addr": "127.0.0.1",
    "headers": {
        "authorization": "Bearer eyJhbGciOiJIUzI1NiIsInR5cCI6IkpXVCJ9.eyJ1c2VyX2lkIjoiODcyY2ExYjgtM2E2Yi00NTMwLWE4NmYtN2U3M2NjMzRmNWYyIiwiZW1haWwiOiJsb2NhbGV5ZXMyMkBnbWFpbC5jb20iLCJyb2xlIjoiYWRtaW4iLCJleHAiOjE3MzUxOTM4MTN9.-LO_QRhmSxQJ-8YYXfv6s2sPwNS9txSilbp0-T3Fwrw",
        "user-agent": "PostmanRuntime/7.43.0",
        "accept": "*/*",
        "postman-token": "65502f12-4d0b-433d-8b89-90855a072fd5",
        "host": "127.0.0.1:5000",
        "accept-encoding": "gzip, deflate, br",
        "connection": "keep-alive"
    },
    "query_params": {},
    "body": {},
    "user_agent": "PostmanRuntime/7.43.0",
    "user_id": "",
    "user_role": ""
} 
2024-12-26 11:24:04,122 - INFO - Response: {
    "timestamp": "2024-12-26 11:24:04",
    "status_code": 200,
    "method": "GET",
    "url": "http://127.0.0.1:5000/profile",
    "response_data": "Unable to decode response body",
    "response_headers": {
        "content-length": "236",
        "content-type": "application/json"
    },
    "user_id": null,
    "user_role": null
} 
2024-12-26 11:28:34,113 - INFO - Request: {
    "timestamp": "2024-12-26 11:28:34",
    "method": "GET",
    "url": "http://127.0.0.1:5000/profile",
    "remote_addr": "127.0.0.1",
    "headers": {
        "authorization": "Bearer eyJhbGciOiJIUzI1NiIsInR5cCI6IkpXVCJ9.eyJ1c2VyX2lkIjoiODcyY2ExYjgtM2E2Yi00NTMwLWE4NmYtN2U3M2NjMzRmNWYyIiwiZW1haWwiOiJsb2NhbGV5ZXMyMkBnbWFpbC5jb20iLCJyb2xlIjoiYWRtaW4iLCJleHAiOjE3MzUxOTM4MTN9.-LO_QRhmSxQJ-8YYXfv6s2sPwNS9txSilbp0-T3Fwrw",
        "user-agent": "PostmanRuntime/7.43.0",
        "accept": "*/*",
        "postman-token": "acfa29bc-7926-4dd1-9b12-a7fbd04d2210",
        "host": "127.0.0.1:5000",
        "accept-encoding": "gzip, deflate, br",
        "connection": "keep-alive"
    },
    "query_params": {},
    "body": {},
    "user_agent": "PostmanRuntime/7.43.0",
    "user_id": "",
    "user_role": ""
} 
2024-12-26 11:28:34,115 - INFO - Response: {
    "timestamp": "2024-12-26 11:28:34",
    "status_code": 200,
    "method": "GET",
    "url": "http://127.0.0.1:5000/profile",
    "response_data": "Unable to decode response body",
    "response_headers": {
        "content-length": "236",
        "content-type": "application/json"
    },
    "user_id": null,
    "user_role": null
} 
2024-12-26 11:29:39,917 - INFO - Request: {
    "timestamp": "2024-12-26 11:29:39",
    "method": "GET",
    "url": "http://127.0.0.1:5000/profile",
    "remote_addr": "127.0.0.1",
    "headers": {
        "authorization": "Bearer eyJhbGciOiJIUzI1NiIsInR5cCI6IkpXVCJ9.eyJ1c2VyX2lkIjoiODcyY2ExYjgtM2E2Yi00NTMwLWE4NmYtN2U3M2NjMzRmNWYyIiwiZW1haWwiOiJsb2NhbGV5ZXMyMkBnbWFpbC5jb20iLCJyb2xlIjoiYWRtaW4iLCJleHAiOjE3MzUxOTM4MTN9.-LO_QRhmSxQJ-8YYXfv6s2sPwNS9txSilbp0-T3Fwrw",
        "user-agent": "PostmanRuntime/7.43.0",
        "accept": "*/*",
        "postman-token": "96679f7f-84f3-47bc-a5e2-93af88114a0b",
        "host": "127.0.0.1:5000",
        "accept-encoding": "gzip, deflate, br",
        "connection": "keep-alive"
    },
    "query_params": {},
    "body": {},
    "user_agent": "PostmanRuntime/7.43.0",
    "user_id": "872ca1b8-3a6b-4530-a86f-7e73cc34f5f2",
    "user_role": "admin"
} 
2024-12-26 11:29:39,918 - INFO - Response: {
    "timestamp": "2024-12-26 11:29:39",
    "status_code": 200,
    "method": "GET",
    "url": "http://127.0.0.1:5000/profile",
    "response_data": "Unable to decode response body",
    "response_headers": {
        "content-length": "236",
        "content-type": "application/json"
    },
    "user_id": null,
    "user_role": null
} 
2024-12-26 11:31:50,031 - INFO - Request: {
    "timestamp": "2024-12-26 11:31:50",
    "method": "GET",
    "url": "http://127.0.0.1:5000/profile",
    "remote_addr": "127.0.0.1",
    "headers": {
        "authorization": "Bearer eyJhbGciOiJIUzI1NiIsInR5cCI6IkpXVCJ9.eyJ1c2VyX2lkIjoiODcyY2ExYjgtM2E2Yi00NTMwLWE4NmYtN2U3M2NjMzRmNWYyIiwiZW1haWwiOiJsb2NhbGV5ZXMyMkBnbWFpbC5jb20iLCJyb2xlIjoiYWRtaW4iLCJleHAiOjE3MzUxOTM4MTN9.-LO_QRhmSxQJ-8YYXfv6s2sPwNS9txSilbp0-T3Fwrw",
        "user-agent": "PostmanRuntime/7.43.0",
        "accept": "*/*",
        "postman-token": "a630f34d-bfe0-41f2-906f-bc6a6d4b0011",
        "host": "127.0.0.1:5000",
        "accept-encoding": "gzip, deflate, br",
        "connection": "keep-alive"
    },
    "query_params": {},
    "body": {},
    "user_agent": "PostmanRuntime/7.43.0",
    "user_id": "872ca1b8-3a6b-4530-a86f-7e73cc34f5f2",
    "user_role": "admin"
} 
2024-12-26 11:31:50,032 - INFO - Response: {
    "timestamp": "2024-12-26 11:31:50",
    "status_code": 200,
    "method": "GET",
    "url": "http://127.0.0.1:5000/profile",
    "response_data": "Unable to decode response body",
    "response_headers": {
        "content-length": "236",
        "content-type": "application/json"
    },
    "user_id": "872ca1b8-3a6b-4530-a86f-7e73cc34f5f2",
    "user_role": "admin"
} 
2024-12-26 14:47:38,829 - INFO - Request: {
    "timestamp": "2024-12-26 14:47:38",
    "method": "POST",
    "url": "http://127.0.0.1:5000/signup",
    "remote_addr": "127.0.0.1",
    "headers": {
        "content-type": "application/json",
        "user-agent": "PostmanRuntime/7.43.0",
        "accept": "*/*",
        "postman-token": "11525449-6a4a-4e49-a09c-e31960eddbaf",
        "host": "127.0.0.1:5000",
        "accept-encoding": "gzip, deflate, br",
        "connection": "keep-alive",
        "content-length": "148"
    },
    "query_params": {},
    "body": {
        "name": "john",
        "address": "paramount,sector-137",
        "phone_no": "9999999999",
        "password": "****",
        "email": "riya@gmail.com"
    },
    "user_agent": "PostmanRuntime/7.43.0",
    "user_id": "",
    "user_role": ""
} 
2024-12-26 14:47:43,142 - INFO - Response: {
    "timestamp": "2024-12-26 14:47:43",
    "status_code": 422,
    "method": "POST",
    "url": "http://127.0.0.1:5000/signup",
    "response_data": "Unable to decode response body",
    "response_headers": {
        "content-length": "78",
        "content-type": "application/json"
    },
    "user_id": "",
    "user_role": ""
} 
2024-12-26 14:48:15,369 - INFO - Request: {
    "timestamp": "2024-12-26 14:48:15",
    "method": "POST",
    "url": "http://127.0.0.1:5000/login",
    "remote_addr": "127.0.0.1",
    "headers": {
        "content-type": "application/json",
        "user-agent": "PostmanRuntime/7.43.0",
        "accept": "*/*",
        "postman-token": "07c0be32-796a-4cde-aa02-34d01dd4fa4b",
        "host": "127.0.0.1:5000",
        "accept-encoding": "gzip, deflate, br",
        "connection": "keep-alive",
        "content-length": "70"
    },
    "query_params": {},
    "body": {
        "email": "localeyes22@gmail.com",
        "password": "****"
    },
    "user_agent": "PostmanRuntime/7.43.0",
    "user_id": "",
    "user_role": ""
} 
2024-12-26 14:48:19,664 - INFO - Response: {
    "timestamp": "2024-12-26 14:48:19",
    "status_code": 200,
    "method": "POST",
    "url": "http://127.0.0.1:5000/login",
    "response_data": "Unable to decode response body",
    "response_headers": {
        "content-length": "291",
        "content-type": "application/json"
    },
    "user_id": "",
    "user_role": ""
} 
2024-12-26 14:48:22,966 - INFO - Request: {
    "timestamp": "2024-12-26 14:48:22",
    "method": "GET",
    "url": "http://127.0.0.1:5000/profile",
    "remote_addr": "127.0.0.1",
    "headers": {
        "authorization": "Bearer eyJhbGciOiJIUzI1NiIsInR5cCI6IkpXVCJ9.eyJ1c2VyX2lkIjoiODcyY2ExYjgtM2E2Yi00NTMwLWE4NmYtN2U3M2NjMzRmNWYyIiwiZW1haWwiOiJsb2NhbGV5ZXMyMkBnbWFpbC5jb20iLCJyb2xlIjoiYWRtaW4iLCJleHAiOjE3MzUyMDgyOTl9.6i8Daqcsuwid4IYgQ9aq6rhIEIs5qvp0HtURwfrtQIs",
        "user-agent": "PostmanRuntime/7.43.0",
        "accept": "*/*",
        "postman-token": "b4b5c4e9-647b-41dc-8ae7-de5b29e73c24",
        "host": "127.0.0.1:5000",
        "accept-encoding": "gzip, deflate, br",
        "connection": "keep-alive"
    },
    "query_params": {},
    "body": {},
    "user_agent": "PostmanRuntime/7.43.0",
    "user_id": "872ca1b8-3a6b-4530-a86f-7e73cc34f5f2",
    "user_role": "admin"
} 
2024-12-26 14:48:22,967 - INFO - Response: {
    "timestamp": "2024-12-26 14:48:22",
    "status_code": 200,
    "method": "GET",
    "url": "http://127.0.0.1:5000/profile",
    "response_data": "Unable to decode response body",
    "response_headers": {
        "content-length": "236",
        "content-type": "application/json"
    },
    "user_id": "872ca1b8-3a6b-4530-a86f-7e73cc34f5f2",
    "user_role": "admin"
} 
2024-12-26 14:48:39,767 - INFO - Request: {
    "timestamp": "2024-12-26 14:48:39",
    "method": "POST",
    "url": "http://127.0.0.1:5000/login",
    "remote_addr": "127.0.0.1",
    "headers": {
        "content-type": "application/json",
        "user-agent": "PostmanRuntime/7.43.0",
        "accept": "*/*",
        "postman-token": "e6a59d0e-2f76-42ad-8543-ee74c7762d4a",
        "host": "127.0.0.1:5000",
        "accept-encoding": "gzip, deflate, br",
        "connection": "keep-alive",
        "content-length": "70"
    },
    "query_params": {},
    "body": {
        "email": "localeyes22@gmail.com",
        "password": "****"
    },
    "user_agent": "PostmanRuntime/7.43.0",
    "user_id": "",
    "user_role": ""
} 
2024-12-26 14:48:44,043 - INFO - Response: {
    "timestamp": "2024-12-26 14:48:44",
    "status_code": 200,
    "method": "POST",
    "url": "http://127.0.0.1:5000/login",
    "response_data": "Unable to decode response body",
    "response_headers": {
        "content-length": "291",
        "content-type": "application/json"
    },
    "user_id": "",
    "user_role": ""
} 
2024-12-26 14:48:47,300 - INFO - Request: {
    "timestamp": "2024-12-26 14:48:47",
    "method": "POST",
    "url": "http://127.0.0.1:5000/admin/ngo",
    "remote_addr": "127.0.0.1",
    "headers": {
        "content-type": "application/json",
        "authorization": "Bearer eyJhbGciOiJIUzI1NiIsInR5cCI6IkpXVCJ9.eyJ1c2VyX2lkIjoiODcyY2ExYjgtM2E2Yi00NTMwLWE4NmYtN2U3M2NjMzRmNWYyIiwiZW1haWwiOiJsb2NhbGV5ZXMyMkBnbWFpbC5jb20iLCJyb2xlIjoiYWRtaW4iLCJleHAiOjE3MzUyMDgzMjR9.k3Req3Y-pyL22mfgcnDd7MzRr9guDCMb8ctCiO0J9V8",
        "user-agent": "PostmanRuntime/7.43.0",
        "accept": "*/*",
        "postman-token": "5c629ed8-7d30-4f06-b5aa-79118aeffda4",
        "host": "127.0.0.1:5000",
        "accept-encoding": "gzip, deflate, br",
        "connection": "keep-alive",
        "content-length": "205"
    },
    "query_params": {},
    "body": {
        "email": "Antonia_OConnell@gmail.com",
        "phone_no": "365-618-0326",
        "address": "random address",
        "details": "can accept money as well as donatable items",
        "name": "Amelia_Friesen47"
    },
    "user_agent": "PostmanRuntime/7.43.0",
    "user_id": "872ca1b8-3a6b-4530-a86f-7e73cc34f5f2",
    "user_role": "admin"
} 
2024-12-26 14:48:47,302 - INFO - Response: {
    "timestamp": "2024-12-26 14:48:47",
    "status_code": 422,
    "method": "POST",
    "url": "http://127.0.0.1:5000/admin/ngo",
    "response_data": "Unable to decode response body",
    "response_headers": {
        "content-length": "48",
        "content-type": "application/json"
    },
    "user_id": "872ca1b8-3a6b-4530-a86f-7e73cc34f5f2",
    "user_role": "admin"
} 
2024-12-26 14:48:55,176 - INFO - Request: {
    "timestamp": "2024-12-26 14:48:55",
    "method": "POST",
    "url": "http://127.0.0.1:5000/admin/ngo",
    "remote_addr": "127.0.0.1",
    "headers": {
        "content-type": "application/json",
        "authorization": "Bearer eyJhbGciOiJIUzI1NiIsInR5cCI6IkpXVCJ9.eyJ1c2VyX2lkIjoiODcyY2ExYjgtM2E2Yi00NTMwLWE4NmYtN2U3M2NjMzRmNWYyIiwiZW1haWwiOiJsb2NhbGV5ZXMyMkBnbWFpbC5jb20iLCJyb2xlIjoiYWRtaW4iLCJleHAiOjE3MzUyMDgzMjR9.k3Req3Y-pyL22mfgcnDd7MzRr9guDCMb8ctCiO0J9V8",
        "user-agent": "PostmanRuntime/7.43.0",
        "accept": "*/*",
        "postman-token": "382a0724-0220-41c9-9451-d3d08d5c56e9",
        "host": "127.0.0.1:5000",
        "accept-encoding": "gzip, deflate, br",
        "connection": "keep-alive",
        "content-length": "189"
    },
    "query_params": {},
    "body": {
        "email": "Kaci_King@yahoo.com",
        "phone_no": "883-682-3241",
        "address": "random address",
        "details": "can accept money as well as donatable items",
        "name": "Norma72"
    },
    "user_agent": "PostmanRuntime/7.43.0",
    "user_id": "872ca1b8-3a6b-4530-a86f-7e73cc34f5f2",
    "user_role": "admin"
} 
2024-12-26 14:48:59,401 - INFO - Response: {
    "timestamp": "2024-12-26 14:48:59",
    "status_code": 201,
    "method": "POST",
    "url": "http://127.0.0.1:5000/admin/ngo",
    "response_data": "Unable to decode response body",
    "response_headers": {
        "content-length": "52",
        "content-type": "application/json"
    },
    "user_id": "872ca1b8-3a6b-4530-a86f-7e73cc34f5f2",
    "user_role": "admin"
} 
2024-12-26 14:49:19,821 - INFO - Request: {
    "timestamp": "2024-12-26 14:49:19",
    "method": "GET",
    "url": "http://127.0.0.1:5000/ngo/all",
    "remote_addr": "127.0.0.1",
    "headers": {
        "authorization": "Bearer eyJhbGciOiJIUzI1NiIsInR5cCI6IkpXVCJ9.eyJ1c2VyX2lkIjoiODcyY2ExYjgtM2E2Yi00NTMwLWE4NmYtN2U3M2NjMzRmNWYyIiwiZW1haWwiOiJsb2NhbGV5ZXMyMkBnbWFpbC5jb20iLCJyb2xlIjoiYWRtaW4iLCJleHAiOjE3MzUyMDgzMjR9.k3Req3Y-pyL22mfgcnDd7MzRr9guDCMb8ctCiO0J9V8",
        "user-agent": "PostmanRuntime/7.43.0",
        "accept": "*/*",
        "postman-token": "95c799f5-05b3-4546-800a-a6f267e42bce",
        "host": "127.0.0.1:5000",
        "accept-encoding": "gzip, deflate, br",
        "connection": "keep-alive"
    },
    "query_params": {},
    "body": {},
    "user_agent": "PostmanRuntime/7.43.0",
    "user_id": "872ca1b8-3a6b-4530-a86f-7e73cc34f5f2",
    "user_role": "admin"
} 
2024-12-26 14:49:19,822 - INFO - Response: {
    "timestamp": "2024-12-26 14:49:19",
    "status_code": 200,
    "method": "GET",
    "url": "http://127.0.0.1:5000/ngo/all",
    "response_data": "Unable to decode response body",
    "response_headers": {
        "content-length": "1243",
        "content-type": "application/json"
    },
    "user_id": "872ca1b8-3a6b-4530-a86f-7e73cc34f5f2",
    "user_role": "admin"
} 
2024-12-26 14:49:28,702 - INFO - Request: {
    "timestamp": "2024-12-26 14:49:28",
    "method": "GET",
    "url": "http://127.0.0.1:5000/ngo/5f2ac1ac-8fe7-47d4-88a5-f75df1bccf35",
    "remote_addr": "127.0.0.1",
    "headers": {
        "authorization": "Bearer eyJhbGciOiJIUzI1NiIsInR5cCI6IkpXVCJ9.eyJ1c2VyX2lkIjoiODcyY2ExYjgtM2E2Yi00NTMwLWE4NmYtN2U3M2NjMzRmNWYyIiwiZW1haWwiOiJsb2NhbGV5ZXMyMkBnbWFpbC5jb20iLCJyb2xlIjoiYWRtaW4iLCJleHAiOjE3MzUyMDgzMjR9.k3Req3Y-pyL22mfgcnDd7MzRr9guDCMb8ctCiO0J9V8",
        "user-agent": "PostmanRuntime/7.43.0",
        "accept": "*/*",
        "postman-token": "685f72b0-b911-462c-85bf-6c9b45058129",
        "host": "127.0.0.1:5000",
        "accept-encoding": "gzip, deflate, br",
        "connection": "keep-alive"
    },
    "query_params": {},
    "body": {},
    "user_agent": "PostmanRuntime/7.43.0",
    "user_id": "872ca1b8-3a6b-4530-a86f-7e73cc34f5f2",
    "user_role": "admin"
} 
2024-12-26 14:49:28,704 - INFO - Response: {
    "timestamp": "2024-12-26 14:49:28",
    "status_code": 200,
    "method": "GET",
    "url": "http://127.0.0.1:5000/ngo/5f2ac1ac-8fe7-47d4-88a5-f75df1bccf35",
    "response_data": "Unable to decode response body",
    "response_headers": {
        "content-length": "273",
        "content-type": "application/json"
    },
    "user_id": "872ca1b8-3a6b-4530-a86f-7e73cc34f5f2",
    "user_role": "admin"
} 
2024-12-26 14:53:25,618 - INFO - Request: {
    "timestamp": "2024-12-26 14:53:25",
    "method": "POST",
    "url": "http://127.0.0.1:5000/signup",
    "remote_addr": "127.0.0.1",
    "headers": {
        "content-type": "application/json",
        "user-agent": "PostmanRuntime/7.43.0",
        "accept": "*/*",
        "postman-token": "e1892326-4327-465c-bc81-100efb8c2496",
        "host": "127.0.0.1:5000",
        "accept-encoding": "gzip, deflate, br",
        "connection": "keep-alive",
        "content-length": "145"
    },
    "query_params": {},
    "body": {
        "name": "j",
        "address": "paramount,sector-137",
        "phone_no": "9999999999",
        "password": "****",
        "email": "riya@gmail.com"
    },
    "user_agent": "PostmanRuntime/7.43.0",
    "user_id": "",
    "user_role": ""
} 
2024-12-26 14:53:25,619 - INFO - Response: {
    "timestamp": "2024-12-26 14:53:25",
    "status_code": 422,
    "method": "POST",
    "url": "http://127.0.0.1:5000/signup",
    "response_data": "Unable to decode response body",
    "response_headers": {
        "content-length": "48",
        "content-type": "application/json"
    },
    "user_id": "",
    "user_role": ""
} 
2024-12-26 14:53:34,381 - INFO - Request: {
    "timestamp": "2024-12-26 14:53:34",
    "method": "POST",
    "url": "http://127.0.0.1:5000/signup",
    "remote_addr": "127.0.0.1",
    "headers": {
        "content-type": "application/json",
        "user-agent": "PostmanRuntime/7.43.0",
        "accept": "*/*",
        "postman-token": "1bcfc0ea-a12b-4183-981f-a58763ce8a2d",
        "host": "127.0.0.1:5000",
        "accept-encoding": "gzip, deflate, br",
        "connection": "keep-alive",
        "content-length": "134"
    },
    "query_params": {},
    "body": {
        "address": "paramount,sector-137",
        "phone_no": "9999999999",
        "password": "****",
        "email": "riya@gmail.com"
    },
    "user_agent": "PostmanRuntime/7.43.0",
    "user_id": "",
    "user_role": ""
} 
2024-12-26 14:53:38,604 - INFO - Response: {
    "timestamp": "2024-12-26 14:53:38",
    "status_code": 422,
    "method": "POST",
    "url": "http://127.0.0.1:5000/signup",
    "response_data": "Unable to decode response body",
    "response_headers": {
        "content-length": "191",
        "content-type": "application/json"
    },
    "user_id": "",
    "user_role": ""
} 
2024-12-26 16:55:46,526 - INFO - Request: {
    "timestamp": "2024-12-26 16:55:46",
    "method": "GET",
    "url": "http://testserver/login",
    "remote_addr": "testclient",
    "headers": {
        "host": "testserver",
        "accept": "*/*",
        "accept-encoding": "gzip, deflate",
        "connection": "keep-alive",
        "user-agent": "testclient"
    },
    "query_params": {},
    "body": {},
    "user_agent": "testclient",
    "user_id": "",
    "user_role": ""
} 
2024-12-26 16:55:46,527 - INFO - Response: {
    "timestamp": "2024-12-26 16:55:46",
    "status_code": 405,
    "method": "GET",
    "url": "http://testserver/login",
    "response_data": "Unable to decode response body",
    "response_headers": {
        "allow": "POST",
        "content-length": "31",
        "content-type": "application/json"
    },
    "user_id": "",
    "user_role": ""
} 
2024-12-26 16:57:04,135 - INFO - Request: {
    "timestamp": "2024-12-26 16:57:04",
    "method": "GET",
    "url": "http://testserver/login",
    "remote_addr": "testclient",
    "headers": {
        "host": "testserver",
        "accept": "*/*",
        "accept-encoding": "gzip, deflate",
        "connection": "keep-alive",
        "user-agent": "testclient"
    },
    "query_params": {},
    "body": {},
    "user_agent": "testclient",
    "user_id": "",
    "user_role": ""
} 
2024-12-26 16:57:04,136 - INFO - Response: {
    "timestamp": "2024-12-26 16:57:04",
    "status_code": 405,
    "method": "GET",
    "url": "http://testserver/login",
    "response_data": "Unable to decode response body",
    "response_headers": {
        "allow": "POST",
        "content-length": "31",
        "content-type": "application/json"
    },
    "user_id": "",
    "user_role": ""
} 
2024-12-26 17:03:14,583 - INFO - Request: {
    "timestamp": "2024-12-26 17:03:14",
    "method": "GET",
    "url": "http://testserver/login",
    "remote_addr": "testclient",
    "headers": {
        "host": "testserver",
        "accept": "*/*",
        "accept-encoding": "gzip, deflate",
        "connection": "keep-alive",
        "user-agent": "testclient"
    },
    "query_params": {},
    "body": {},
    "user_agent": "testclient",
    "user_id": "",
    "user_role": ""
} 
2024-12-26 17:03:14,585 - INFO - Response: {
    "timestamp": "2024-12-26 17:03:14",
    "status_code": 405,
    "method": "GET",
    "url": "http://testserver/login",
    "response_data": "Unable to decode response body",
    "response_headers": {
        "allow": "POST",
        "content-length": "31",
        "content-type": "application/json"
    },
    "user_id": "",
    "user_role": ""
} 
2024-12-26 17:07:57,887 - INFO - Request: {
    "timestamp": "2024-12-26 17:07:57",
    "method": "POST",
    "url": "http://testserver/login",
    "remote_addr": "testclient",
    "headers": {
        "host": "testserver",
        "content-length": "0",
        "accept": "*/*",
        "accept-encoding": "gzip, deflate",
        "connection": "keep-alive",
        "user-agent": "testclient"
    },
    "query_params": {},
    "body": {},
    "user_agent": "testclient",
    "user_id": "",
    "user_role": ""
} 
2024-12-26 17:07:57,890 - INFO - Response: {
    "timestamp": "2024-12-26 17:07:57",
    "status_code": 422,
    "method": "POST",
    "url": "http://testserver/login",
    "response_data": "Unable to decode response body",
    "response_headers": {
        "content-length": "82",
        "content-type": "application/json"
    },
    "user_id": "",
    "user_role": ""
} 
2024-12-26 17:12:17,119 - INFO - Request: {
    "timestamp": "2024-12-26 17:12:17",
    "method": "POST",
    "url": "http://testserver/login",
    "remote_addr": "testclient",
    "headers": {
        "host": "testserver",
        "accept": "*/*",
        "accept-encoding": "gzip, deflate",
        "connection": "keep-alive",
        "user-agent": "testclient",
        "content-length": "51",
        "content-type": "application/json"
    },
    "query_params": {},
    "body": {
        "email": "test@gmail.com",
        "password": "****"
    },
    "user_agent": "testclient",
    "user_id": "",
    "user_role": ""
} 
2024-12-26 17:12:21,505 - INFO - Response: {
    "timestamp": "2024-12-26 17:12:21",
    "status_code": 401,
    "method": "POST",
    "url": "http://testserver/login",
    "response_data": "Unable to decode response body",
    "response_headers": {
        "content-length": "49",
        "content-type": "application/json"
    },
    "user_id": "",
    "user_role": ""
} 
2024-12-26 17:12:21,514 - INFO - Request: {
    "timestamp": "2024-12-26 17:12:21",
    "method": "GET",
    "url": "http://testserver/login",
    "remote_addr": "testclient",
    "headers": {
        "host": "testserver",
        "accept": "*/*",
        "accept-encoding": "gzip, deflate",
        "connection": "keep-alive",
        "user-agent": "testclient"
    },
    "query_params": {},
    "body": {},
    "user_agent": "testclient",
    "user_id": "",
    "user_role": ""
} 
2024-12-26 17:12:21,515 - INFO - Response: {
    "timestamp": "2024-12-26 17:12:21",
    "status_code": 405,
    "method": "GET",
    "url": "http://testserver/login",
    "response_data": "Unable to decode response body",
    "response_headers": {
        "allow": "POST",
        "content-length": "31",
        "content-type": "application/json"
    },
    "user_id": "",
    "user_role": ""
} 
2024-12-26 17:12:52,865 - INFO - Request: {
    "timestamp": "2024-12-26 17:12:52",
    "method": "POST",
    "url": "http://testserver/login",
    "remote_addr": "testclient",
    "headers": {
        "host": "testserver",
        "accept": "*/*",
        "accept-encoding": "gzip, deflate",
        "connection": "keep-alive",
        "user-agent": "testclient",
        "content-length": "51",
        "content-type": "application/json"
    },
    "query_params": {},
    "body": {
        "email": "test@gmail.com",
        "password": "****"
    },
    "user_agent": "testclient",
    "user_id": "",
    "user_role": ""
} 
2024-12-26 17:12:57,062 - INFO - Response: {
    "timestamp": "2024-12-26 17:12:57",
    "status_code": 401,
    "method": "POST",
    "url": "http://testserver/login",
    "response_data": "Unable to decode response body",
    "response_headers": {
        "content-length": "49",
        "content-type": "application/json"
    },
    "user_id": "",
    "user_role": ""
} 
2024-12-26 17:12:57,073 - INFO - Request: {
    "timestamp": "2024-12-26 17:12:57",
    "method": "GET",
    "url": "http://testserver/login",
    "remote_addr": "testclient",
    "headers": {
        "host": "testserver",
        "accept": "*/*",
        "accept-encoding": "gzip, deflate",
        "connection": "keep-alive",
        "user-agent": "testclient"
    },
    "query_params": {},
    "body": {},
    "user_agent": "testclient",
    "user_id": "",
    "user_role": ""
} 
2024-12-26 17:12:57,074 - INFO - Response: {
    "timestamp": "2024-12-26 17:12:57",
    "status_code": 405,
    "method": "GET",
    "url": "http://testserver/login",
    "response_data": "Unable to decode response body",
    "response_headers": {
        "allow": "POST",
        "content-length": "31",
        "content-type": "application/json"
    },
    "user_id": "",
    "user_role": ""
} 
2024-12-26 17:14:32,191 - INFO - Request: {
    "timestamp": "2024-12-26 17:14:32",
    "method": "GET",
    "url": "http://testserver/",
    "remote_addr": "testclient",
    "headers": {
        "host": "testserver",
        "accept": "*/*",
        "accept-encoding": "gzip, deflate",
        "connection": "keep-alive",
        "user-agent": "testclient"
    },
    "query_params": {},
    "body": {},
    "user_agent": "testclient",
    "user_id": "",
    "user_role": ""
} 
2024-12-26 17:14:32,192 - INFO - Response: {
    "timestamp": "2024-12-26 17:14:32",
    "status_code": 404,
    "method": "GET",
    "url": "http://testserver/",
    "response_data": "Unable to decode response body",
    "response_headers": {
        "content-length": "22",
        "content-type": "application/json"
    },
    "user_id": "",
    "user_role": ""
} 
